Geo_FILEID,Geo_STUSAB,Geo_SUMLEV,Geo_GEOCOMP,Geo_US,Geo_REGION,Geo_DIVISION,Geo_STATE,Geo_COUNTY,Geo_COUSUB,Geo_PLACE,Geo_TRACT,Geo_BLKGRP,Geo_CONCIT,Geo_AIANHH,Geo_AIANHHFP,Geo_AIHHTLI,Geo_AITS,Geo_ANRC,Geo_CBSA,Geo_CSA,Geo_METDIV,Geo_MACC,Geo_MEMI,Geo_NECTA,Geo_CNECTA,Geo_NECTADIV,Geo_UA,Geo_CDCURR,Geo_SLDU,Geo_SLDL,Geo_ZCTA5,Geo_SUBMCD,Geo_SDELM,Geo_SDSEC,Geo_SDUNI,Geo_UR,Geo_PCI,Geo_PUMA5,Geo_GEO_ID,Geo_NAME,Geo_BTTR,Geo_BTBG,Geo_QName,Geo_FIPS,Geo_AREALAND,Geo_AREAWATR,Geo_PLACESE,Geo_ZCTA3,SE_A14006_001
"ACSSF","pa","140","00",,,,"42","101",,,"000101",,,,,,,,,,,,,,".",".",,,,,,,,,,,,,"1400000US42101000101","Census Tract 1.01",,,"Census Tract 1.01, Philadelphia County, Pennsylvania","42101000101","351883","0",,,108438
"ACSSF","pa","140","00",,,,"42","101",,,"000102",,,,,,,,,,,,,,".",".",,,,,,,,,,,,,"1400000US42101000102","Census Tract 1.02",,,"Census Tract 1.02, Philadelphia County, Pennsylvania","42101000102","444406","0",,,108203
"ACSSF","pa","140","00",,,,"42","101",,,"000200",,,,,,,,,,,,,,".",".",,,,,,,,,,,,,"1400000US42101000200","Census Tract 2",,,"Census Tract 2, Philadelphia County, Pennsylvania","42101000200","386232","0",,,97256
"ACSSF","pa","140","00",,,,"42","101",,,"000300",,,,,,,,,,,,,,".",".",,,,,,,,,,,,,"1400000US42101000300","Census Tract 3",,,"Census Tract 3, Philadelphia County, Pennsylvania","42101000300","546267","22673",,,102330
"ACSSF","pa","140","00",,,,"42","101",,,"000401",,,,,,,,,,,,,,".",".",,,,,,,,,,,,,"1400000US42101000401","Census Tract 4.01",,,"Census Tract 4.01, Philadelphia County, Pennsylvania","42101000401","216838","15884",,,89663
"ACSSF","pa","140","00",,,,"42","101",,,"000403",,,,,,,,,,,,,,".",".",,,,,,,,,,,,,"1400000US42101000403","Census Tract 4.03",,,"Census Tract 4.03, Philadelphia County, Pennsylvania","42101000403","139616","0",,,187743
"ACSSF","pa","140","00",,,,"42","101",,,"000404",,,,,,,,,,,,,,".",".",,,,,,,,,,,,,"1400000US42101000404","Census Tract 4.04",,,"Census Tract 4.04, Philadelphia County, Pennsylvania","42101000404","164084","0",,,93998
"ACSSF","pa","140","00",,,,"42","101",,,"000500",,,,,,,,,,,,,,".",".",,,,,,,,,,,,,"1400000US42101000500","Census Tract 5",,,"Census Tract 5, Philadelphia County, Pennsylvania","42101000500","428760","0",,,68977
"ACSSF","pa","140","00",,,,"42","101",,,"000600",,,,,,,,,,,,,,".",".",,,,,,,,,,,,,"1400000US42101000600","Census Tract 6",,,"Census Tract 6, Philadelphia County, Pennsylvania","42101000600","172652","0",,,145036
"ACSSF","pa","140","00",,,,"42","101",,,"000701",,,,,,,,,,,,,,".",".",,,,,,,,,,,,,"1400000US42101000701","Census Tract 7.01",,,"Census Tract 7.01, Philadelphia County, Pennsylvania","42101000701","140499","0",,,90343
"ACSSF","pa","140","00",,,,"42","101",,,"000702",,,,,,,,,,,,,,".",".",,,,,,,,,,,,,"1400000US42101000702","Census Tract 7.02",,,"Census Tract 7.02, Philadelphia County, Pennsylvania","42101000702","106191","7087",,,63200
"ACSSF","pa","140","00",,,,"42","101",,,"000801",,,,,,,,,,,,,,".",".",,,,,,,,,,,,,"1400000US42101000801","Census Tract 8.01",,,"Census Tract 8.01, Philadelphia County, Pennsylvania","42101000801","99957","12755",,,130096
"ACSSF","pa","140","00",,,,"42","101",,,"000803",,,,,,,,,,,,,,".",".",,,,,,,,,,,,,"1400000US42101000803","Census Tract 8.03",,,"Census Tract 8.03, Philadelphia County, Pennsylvania","42101000803","152822","0",,,86538
"ACSSF","pa","140","00",,,,"42","101",,,"000805",,,,,,,,,,,,,,".",".",,,,,,,,,,,,,"1400000US42101000805","Census Tract 8.05",,,"Census Tract 8.05, Philadelphia County, Pennsylvania","42101000805","72237","0",,,90741
"ACSSF","pa","140","00",,,,"42","101",,,"000806",,,,,,,,,,,,,,".",".",,,,,,,,,,,,,"1400000US42101000806","Census Tract 8.06",,,"Census Tract 8.06, Philadelphia County, Pennsylvania","42101000806","73208","0",,,179609
"ACSSF","pa","140","00",,,,"42","101",,,"000901",,,,,,,,,,,,,,".",".",,,,,,,,,,,,,"1400000US42101000901","Census Tract 9.01",,,"Census Tract 9.01, Philadelphia County, Pennsylvania","42101000901","105511","0",,,51384
"ACSSF","pa","140","00",,,,"42","101",,,"000902",,,,,,,,,,,,,,".",".",,,,,,,,,,,,,"1400000US42101000902","Census Tract 9.02",,,"Census Tract 9.02, Philadelphia County, Pennsylvania","42101000902","155167","0",,,85271
"ACSSF","pa","140","00",,,,"42","101",,,"001001",,,,,,,,,,,,,,".",".",,,,,,,,,,,,,"1400000US42101001001","Census Tract 10.01",,,"Census Tract 10.01, Philadelphia County, Pennsylvania","42101001001","229399","0",,,114205
"ACSSF","pa","140","00",,,,"42","101",,,"001002",,,,,,,,,,,,,,".",".",,,,,,,,,,,,,"1400000US42101001002","Census Tract 10.02",,,"Census Tract 10.02, Philadelphia County, Pennsylvania","42101001002","471655","0",,,137250
"ACSSF","pa","140","00",,,,"42","101",,,"001101",,,,,,,,,,,,,,".",".",,,,,,,,,,,,,"1400000US42101001101","Census Tract 11.01",,,"Census Tract 11.01, Philadelphia County, Pennsylvania","42101001101","174011","0",,,61850
"ACSSF","pa","140","00",,,,"42","101",,,"001102",,,,,,,,,,,,,,".",".",,,,,,,,,,,,,"1400000US42101001102","Census Tract 11.02",,,"Census Tract 11.02, Philadelphia County, Pennsylvania","42101001102","204063","0",,,136310
"ACSSF","pa","140","00",,,,"42","101",,,"001201",,,,,,,,,,,,,,".",".",,,,,,,,,,,,,"1400000US42101001201","Census Tract 12.01",,,"Census Tract 12.01, Philadelphia County, Pennsylvania","42101001201","327555","30728",,,119683
"ACSSF","pa","140","00",,,,"42","101",,,"001203",,,,,,,,,,,,,,".",".",,,,,,,,,,,,,"1400000US42101001203","Census Tract 12.03",,,"Census Tract 12.03, Philadelphia County, Pennsylvania","42101001203","102414","0",,,107537
"ACSSF","pa","140","00",,,,"42","101",,,"001204",,,,,,,,,,,,,,".",".",,,,,,,,,,,,,"1400000US42101001204","Census Tract 12.04",,,"Census Tract 12.04, Philadelphia County, Pennsylvania","42101001204","206147","0",,,94056
"ACSSF","pa","140","00",,,,"42","101",,,"001301",,,,,,,,,,,,,,".",".",,,,,,,,,,,,,"1400000US42101001301","Census Tract 13.01",,,"Census Tract 13.01, Philadelphia County, Pennsylvania","42101001301","170288","0",,,133320
"ACSSF","pa","140","00",,,,"42","101",,,"001302",,,,,,,,,,,,,,".",".",,,,,,,,,,,,,"1400000US42101001302","Census Tract 13.02",,,"Census Tract 13.02, Philadelphia County, Pennsylvania","42101001302","556886","60583",,,101884
"ACSSF","pa","140","00",,,,"42","101",,,"001400",,,,,,,,,,,,,,".",".",,,,,,,,,,,,,"1400000US42101001400","Census Tract 14",,,"Census Tract 14, Philadelphia County, Pennsylvania","42101001400","315833","0",,,98981
"ACSSF","pa","140","00",,,,"42","101",,,"001500",,,,,,,,,,,,,,".",".",,,,,,,,,,,,,"1400000US42101001500","Census Tract 15",,,"Census Tract 15, Philadelphia County, Pennsylvania","42101001500","239383","0",,,108378
"ACSSF","pa","140","00",,,,"42","101",,,"001600",,,,,,,,,,,,,,".",".",,,,,,,,,,,,,"1400000US42101001600","Census Tract 16",,,"Census Tract 16, Philadelphia County, Pennsylvania","42101001600","196389","0",,,144954
"ACSSF","pa","140","00",,,,"42","101",,,"001700",,,,,,,,,,,,,,".",".",,,,,,,,,,,,,"1400000US42101001700","Census Tract 17",,,"Census Tract 17, Philadelphia County, Pennsylvania","42101001700","212720","0",,,145833
"ACSSF","pa","140","00",,,,"42","101",,,"001800",,,,,,,,,,,,,,".",".",,,,,,,,,,,,,"1400000US42101001800","Census Tract 18",,,"Census Tract 18, Philadelphia County, Pennsylvania","42101001800","242440","0",,,121719
"ACSSF","pa","140","00",,,,"42","101",,,"001900",,,,,,,,,,,,,,".",".",,,,,,,,,,,,,"1400000US42101001900","Census Tract 19",,,"Census Tract 19, Philadelphia County, Pennsylvania","42101001900","328328","0",,,144261
"ACSSF","pa","140","00",,,,"42","101",,,"002000",,,,,,,,,,,,,,".",".",,,,,,,,,,,,,"1400000US42101002000","Census Tract 20",,,"Census Tract 20, Philadelphia County, Pennsylvania","42101002000","290083","0",,,106420
"ACSSF","pa","140","00",,,,"42","101",,,"002100",,,,,,,,,,,,,,".",".",,,,,,,,,,,,,"1400000US42101002100","Census Tract 21",,,"Census Tract 21, Philadelphia County, Pennsylvania","42101002100","237519","0",,,116354
"ACSSF","pa","140","00",,,,"42","101",,,"002200",,,,,,,,,,,,,,".",".",,,,,,,,,,,,,"1400000US42101002200","Census Tract 22",,,"Census Tract 22, Philadelphia County, Pennsylvania","42101002200","228697","0",,,73462
"ACSSF","pa","140","00",,,,"42","101",,,"002300",,,,,,,,,,,,,,".",".",,,,,,,,,,,,,"1400000US42101002300","Census Tract 23",,,"Census Tract 23, Philadelphia County, Pennsylvania","42101002300","212379","0",,,125781
"ACSSF","pa","140","00",,,,"42","101",,,"002400",,,,,,,,,,,,,,".",".",,,,,,,,,,,,,"1400000US42101002400","Census Tract 24",,,"Census Tract 24, Philadelphia County, Pennsylvania","42101002400","535423","0",,,84732
"ACSSF","pa","140","00",,,,"42","101",,,"002500",,,,,,,,,,,,,,".",".",,,,,,,,,,,,,"1400000US42101002500","Census Tract 25",,,"Census Tract 25, Philadelphia County, Pennsylvania","42101002500","393627","0",,,83508
"ACSSF","pa","140","00",,,,"42","101",,,"002701",,,,,,,,,,,,,,".",".",,,,,,,,,,,,,"1400000US42101002701","Census Tract 27.01",,,"Census Tract 27.01, Philadelphia County, Pennsylvania","42101002701","224842","0",,,95224
"ACSSF","pa","140","00",,,,"42","101",,,"002702",,,,,,,,,,,,,,".",".",,,,,,,,,,,,,"1400000US42101002702","Census Tract 27.02",,,"Census Tract 27.02, Philadelphia County, Pennsylvania","42101002702","367675","0",,,99797
"ACSSF","pa","140","00",,,,"42","101",,,"002801",,,,,,,,,,,,,,".",".",,,,,,,,,,,,,"1400000US42101002801","Census Tract 28.01",,,"Census Tract 28.01, Philadelphia County, Pennsylvania","42101002801","222950","0",,,71027
"ACSSF","pa","140","00",,,,"42","101",,,"002802",,,,,,,,,,,,,,".",".",,,,,,,,,,,,,"1400000US42101002802","Census Tract 28.02",,,"Census Tract 28.02, Philadelphia County, Pennsylvania","42101002802","362691","0",,,94427
"ACSSF","pa","140","00",,,,"42","101",,,"002900",,,,,,,,,,,,,,".",".",,,,,,,,,,,,,"1400000US42101002900","Census Tract 29",,,"Census Tract 29, Philadelphia County, Pennsylvania","42101002900","370256","0",,,104981
"ACSSF","pa","140","00",,,,"42","101",,,"003001",,,,,,,,,,,,,,".",".",,,,,,,,,,,,,"1400000US42101003001","Census Tract 30.01",,,"Census Tract 30.01, Philadelphia County, Pennsylvania","42101003001","226545","0",,,55288
"ACSSF","pa","140","00",,,,"42","101",,,"003002",,,,,,,,,,,,,,".",".",,,,,,,,,,,,,"1400000US42101003002","Census Tract 30.02",,,"Census Tract 30.02, Philadelphia County, Pennsylvania","42101003002","226952","0",,,78843
"ACSSF","pa","140","00",,,,"42","101",,,"003100",,,,,,,,,,,,,,".",".",,,,,,,,,,,,,"1400000US42101003100","Census Tract 31",,,"Census Tract 31, Philadelphia County, Pennsylvania","42101003100","395912","0",,,83620
"ACSSF","pa","140","00",,,,"42","101",,,"003200",,,,,,,,,,,,,,".",".",,,,,,,,,,,,,"1400000US42101003200","Census Tract 32",,,"Census Tract 32, Philadelphia County, Pennsylvania","42101003200","491790","0",,,68250
"ACSSF","pa","140","00",,,,"42","101",,,"003300",,,,,,,,,,,,,,".",".",,,,,,,,,,,,,"1400000US42101003300","Census Tract 33",,,"Census Tract 33, Philadelphia County, Pennsylvania","42101003300","1063815","96702",,,80850
"ACSSF","pa","140","00",,,,"42","101",,,"003600",,,,,,,,,,,,,,".",".",,,,,,,,,,,,,"1400000US42101003600","Census Tract 36",,,"Census Tract 36, Philadelphia County, Pennsylvania","42101003600","964586","0",,,43688
"ACSSF","pa","140","00",,,,"42","101",,,"003701",,,,,,,,,,,,,,".",".",,,,,,,,,,,,,"1400000US42101003701","Census Tract 37.01",,,"Census Tract 37.01, Philadelphia County, Pennsylvania","42101003701","355619","0",,,69896
"ACSSF","pa","140","00",,,,"42","101",,,"003702",,,,,,,,,,,,,,".",".",,,,,,,,,,,,,"1400000US42101003702","Census Tract 37.02",,,"Census Tract 37.02, Philadelphia County, Pennsylvania","42101003702","247351","0",,,47760
"ACSSF","pa","140","00",,,,"42","101",,,"003800",,,,,,,,,,,,,,".",".",,,,,,,,,,,,,"1400000US42101003800","Census Tract 38",,,"Census Tract 38, Philadelphia County, Pennsylvania","42101003800","1089240","0",,,94538
"ACSSF","pa","140","00",,,,"42","101",,,"003901",,,,,,,,,,,,,,".",".",,,,,,,,,,,,,"1400000US42101003901","Census Tract 39.01",,,"Census Tract 39.01, Philadelphia County, Pennsylvania","42101003901","420397","0",,,59262
"ACSSF","pa","140","00",,,,"42","101",,,"003902",,,,,,,,,,,,,,".",".",,,,,,,,,,,,,"1400000US42101003902","Census Tract 39.02",,,"Census Tract 39.02, Philadelphia County, Pennsylvania","42101003902","452952","0",,,87258
"ACSSF","pa","140","00",,,,"42","101",,,"004001",,,,,,,,,,,,,,".",".",,,,,,,,,,,,,"1400000US42101004001","Census Tract 40.01",,,"Census Tract 40.01, Philadelphia County, Pennsylvania","42101004001","314911","0",,,82258
"ACSSF","pa","140","00",,,,"42","101",,,"004002",,,,,,,,,,,,,,".",".",,,,,,,,,,,,,"1400000US42101004002","Census Tract 40.02",,,"Census Tract 40.02, Philadelphia County, Pennsylvania","42101004002","344839","0",,,94150
"ACSSF","pa","140","00",,,,"42","101",,,"004101",,,,,,,,,,,,,,".",".",,,,,,,,,,,,,"1400000US42101004101","Census Tract 41.01",,,"Census Tract 41.01, Philadelphia County, Pennsylvania","42101004101","374000","0",,,72500
"ACSSF","pa","140","00",,,,"42","101",,,"004103",,,,,,,,,,,,,,".",".",,,,,,,,,,,,,"1400000US42101004103","Census Tract 41.03",,,"Census Tract 41.03, Philadelphia County, Pennsylvania","42101004103","190517","0",,,52083
"ACSSF","pa","140","00",,,,"42","101",,,"004104",,,,,,,,,,,,,,".",".",,,,,,,,,,,,,"1400000US42101004104","Census Tract 41.04",,,"Census Tract 41.04, Philadelphia County, Pennsylvania","42101004104","201337","0",,,62857
"ACSSF","pa","140","00",,,,"42","101",,,"004201",,,,,,,,,,,,,,".",".",,,,,,,,,,,,,"1400000US42101004201","Census Tract 42.01",,,"Census Tract 42.01, Philadelphia County, Pennsylvania","42101004201","337995","0",,,84500
"ACSSF","pa","140","00",,,,"42","101",,,"004202",,,,,,,,,,,,,,".",".",,,,,,,,,,,,,"1400000US42101004202","Census Tract 42.02",,,"Census Tract 42.02, Philadelphia County, Pennsylvania","42101004202","453345","0",,,75984
"ACSSF","pa","140","00",,,,"42","101",,,"005400",,,,,,,,,,,,,,".",".",,,,,,,,,,,,,"1400000US42101005400","Census Tract 54",,,"Census Tract 54, Philadelphia County, Pennsylvania","42101005400","1846263","530013",,,56197
"ACSSF","pa","140","00",,,,"42","101",,,"005500",,,,,,,,,,,,,,".",".",,,,,,,,,,,,,"1400000US42101005500","Census Tract 55",,,"Census Tract 55, Philadelphia County, Pennsylvania","42101005500","1168597","12010",,,67063
"ACSSF","pa","140","00",,,,"42","101",,,"005600",,,,,,,,,,,,,,".",".",,,,,,,,,,,,,"1400000US42101005600","Census Tract 56",,,"Census Tract 56, Philadelphia County, Pennsylvania","42101005600","840413","0",,,35474
"ACSSF","pa","140","00",,,,"42","101",,,"006000",,,,,,,,,,,,,,".",".",,,,,,,,,,,,,"1400000US42101006000","Census Tract 60",,,"Census Tract 60, Philadelphia County, Pennsylvania","42101006000","1071395","0",,,44199
"ACSSF","pa","140","00",,,,"42","101",,,"006100",,,,,,,,,,,,,,".",".",,,,,,,,,,,,,"1400000US42101006100","Census Tract 61",,,"Census Tract 61, Philadelphia County, Pennsylvania","42101006100","535234","0",,,45521
"ACSSF","pa","140","00",,,,"42","101",,,"006200",,,,,,,,,,,,,,".",".",,,,,,,,,,,,,"1400000US42101006200","Census Tract 62",,,"Census Tract 62, Philadelphia County, Pennsylvania","42101006200","509635","0",,,48634
"ACSSF","pa","140","00",,,,"42","101",,,"006300",,,,,,,,,,,,,,".",".",,,,,,,,,,,,,"1400000US42101006300","Census Tract 63",,,"Census Tract 63, Philadelphia County, Pennsylvania","42101006300","555597","0",,,32997
"ACSSF","pa","140","00",,,,"42","101",,,"006400",,,,,,,,,,,,,,".",".",,,,,,,,,,,,,"1400000US42101006400","Census Tract 64",,,"Census Tract 64, Philadelphia County, Pennsylvania","42101006400","642367","16085",,,42469
"ACSSF","pa","140","00",,,,"42","101",,,"006500",,,,,,,,,,,,,,".",".",,,,,,,,,,,,,"1400000US42101006500","Census Tract 65",,,"Census Tract 65, Philadelphia County, Pennsylvania","42101006500","1114276","29457",,,48173
"ACSSF","pa","140","00",,,,"42","101",,,"006600",,,,,,,,,,,,,,".",".",,,,,,,,,,,,,"1400000US42101006600","Census Tract 66",,,"Census Tract 66, Philadelphia County, Pennsylvania","42101006600","651243","0",,,27206
"ACSSF","pa","140","00",,,,"42","101",,,"006700",,,,,,,,,,,,,,".",".",,,,,,,,,,,,,"1400000US42101006700","Census Tract 67",,,"Census Tract 67, Philadelphia County, Pennsylvania","42101006700","1001468","0",,,43220
"ACSSF","pa","140","00",,,,"42","101",,,"007000",,,,,,,,,,,,,,".",".",,,,,,,,,,,,,"1400000US42101007000","Census Tract 70",,,"Census Tract 70, Philadelphia County, Pennsylvania","42101007000","469586","0",,,41206
"ACSSF","pa","140","00",,,,"42","101",,,"007101",,,,,,,,,,,,,,".",".",,,,,,,,,,,,,"1400000US42101007101","Census Tract 71.01",,,"Census Tract 71.01, Philadelphia County, Pennsylvania","42101007101","253257","0",,,44286
"ACSSF","pa","140","00",,,,"42","101",,,"007102",,,,,,,,,,,,,,".",".",,,,,,,,,,,,,"1400000US42101007102","Census Tract 71.02",,,"Census Tract 71.02, Philadelphia County, Pennsylvania","42101007102","415761","0",,,40602
"ACSSF","pa","140","00",,,,"42","101",,,"007200",,,,,,,,,,,,,,".",".",,,,,,,,,,,,,"1400000US42101007200","Census Tract 72",,,"Census Tract 72, Philadelphia County, Pennsylvania","42101007200","502743","0",,,50660
"ACSSF","pa","140","00",,,,"42","101",,,"007300",,,,,,,,,,,,,,".",".",,,,,,,,,,,,,"1400000US42101007300","Census Tract 73",,,"Census Tract 73, Philadelphia County, Pennsylvania","42101007300","386471","0",,,71106
"ACSSF","pa","140","00",,,,"42","101",,,"007400",,,,,,,,,,,,,,".",".",,,,,,,,,,,,,"1400000US42101007400","Census Tract 74",,,"Census Tract 74, Philadelphia County, Pennsylvania","42101007400","676057","0",,,36250
"ACSSF","pa","140","00",,,,"42","101",,,"007700",,,,,,,,,,,,,,".",".",,,,,,,,,,,,,"1400000US42101007700","Census Tract 77",,,"Census Tract 77, Philadelphia County, Pennsylvania","42101007700","322266","0",,,60817
"ACSSF","pa","140","00",,,,"42","101",,,"007800",,,,,,,,,,,,,,".",".",,,,,,,,,,,,,"1400000US42101007800","Census Tract 78",,,"Census Tract 78, Philadelphia County, Pennsylvania","42101007800","426722","0",,,63348
"ACSSF","pa","140","00",,,,"42","101",,,"007900",,,,,,,,,,,,,,".",".",,,,,,,,,,,,,"1400000US42101007900","Census Tract 79",,,"Census Tract 79, Philadelphia County, Pennsylvania","42101007900","377951","0",,,85018
"ACSSF","pa","140","00",,,,"42","101",,,"008000",,,,,,,,,,,,,,".",".",,,,,,,,,,,,,"1400000US42101008000","Census Tract 80",,,"Census Tract 80, Philadelphia County, Pennsylvania","42101008000","430891","0",,,70526
"ACSSF","pa","140","00",,,,"42","101",,,"008101",,,,,,,,,,,,,,".",".",,,,,,,,,,,,,"1400000US42101008101","Census Tract 81.01",,,"Census Tract 81.01, Philadelphia County, Pennsylvania","42101008101","243881","0",,,47614
"ACSSF","pa","140","00",,,,"42","101",,,"008102",,,,,,,,,,,,,,".",".",,,,,,,,,,,,,"1400000US42101008102","Census Tract 81.02",,,"Census Tract 81.02, Philadelphia County, Pennsylvania","42101008102","362526","0",,,53289
"ACSSF","pa","140","00",,,,"42","101",,,"008200",,,,,,,,,,,,,,".",".",,,,,,,,,,,,,"1400000US42101008200","Census Tract 82",,,"Census Tract 82, Philadelphia County, Pennsylvania","42101008200","832282","11202",,,35518
"ACSSF","pa","140","00",,,,"42","101",,,"008301",,,,,,,,,,,,,,".",".",,,,,,,,,,,,,"1400000US42101008301","Census Tract 83.01",,,"Census Tract 83.01, Philadelphia County, Pennsylvania","42101008301","510556","6714",,,35174
"ACSSF","pa","140","00",,,,"42","101",,,"008302",,,,,,,,,,,,,,".",".",,,,,,,,,,,,,"1400000US42101008302","Census Tract 83.02",,,"Census Tract 83.02, Philadelphia County, Pennsylvania","42101008302","425236","0",,,29571
"ACSSF","pa","140","00",,,,"42","101",,,"008400",,,,,,,,,,,,,,".",".",,,,,,,,,,,,,"1400000US42101008400","Census Tract 84",,,"Census Tract 84, Philadelphia County, Pennsylvania","42101008400","501763","0",,,53182
"ACSSF","pa","140","00",,,,"42","101",,,"008500",,,,,,,,,,,,,,".",".",,,,,,,,,,,,,"1400000US42101008500","Census Tract 85",,,"Census Tract 85, Philadelphia County, Pennsylvania","42101008500","621445","0",,,45747
"ACSSF","pa","140","00",,,,"42","101",,,"008601",,,,,,,,,,,,,,".",".",,,,,,,,,,,,,"1400000US42101008601","Census Tract 86.01",,,"Census Tract 86.01, Philadelphia County, Pennsylvania","42101008601","252482","0",,,87875
"ACSSF","pa","140","00",,,,"42","101",,,"008602",,,,,,,,,,,,,,".",".",,,,,,,,,,,,,"1400000US42101008602","Census Tract 86.02",,,"Census Tract 86.02, Philadelphia County, Pennsylvania","42101008602","369141","0",,,32127
"ACSSF","pa","140","00",,,,"42","101",,,"008701",,,,,,,,,,,,,,".",".",,,,,,,,,,,,,"1400000US42101008701","Census Tract 87.01",,,"Census Tract 87.01, Philadelphia County, Pennsylvania","42101008701","259543","0",,,61621
"ACSSF","pa","140","00",,,,"42","101",,,"008702",,,,,,,,,,,,,,".",".",,,,,,,,,,,,,"1400000US42101008702","Census Tract 87.02",,,"Census Tract 87.02, Philadelphia County, Pennsylvania","42101008702","283544","0",,,56181
"ACSSF","pa","140","00",,,,"42","101",,,"008801",,,,,,,,,,,,,,".",".",,,,,,,,,,,,,"1400000US42101008801","Census Tract 88.01",,,"Census Tract 88.01, Philadelphia County, Pennsylvania","42101008801","184674","0",,,33990
"ACSSF","pa","140","00",,,,"42","101",,,"008802",,,,,,,,,,,,,,".",".",,,,,,,,,,,,,"1400000US42101008802","Census Tract 88.02",,,"Census Tract 88.02, Philadelphia County, Pennsylvania","42101008802","395055","0",,,31293
"ACSSF","pa","140","00",,,,"42","101",,,"009000",,,,,,,,,,,,,,".",".",,,,,,,,,,,,,"1400000US42101009000","Census Tract 90",,,"Census Tract 90, Philadelphia County, Pennsylvania","42101009000","525631","0",,,38976
"ACSSF","pa","140","00",,,,"42","101",,,"009100",,,,,,,,,,,,,,".",".",,,,,,,,,,,,,"1400000US42101009100","Census Tract 91",,,"Census Tract 91, Philadelphia County, Pennsylvania","42101009100","425574","0",,,35139
"ACSSF","pa","140","00",,,,"42","101",,,"009200",,,,,,,,,,,,,,".",".",,,,,,,,,,,,,"1400000US42101009200","Census Tract 92",,,"Census Tract 92, Philadelphia County, Pennsylvania","42101009200","512010","0",,,54271
"ACSSF","pa","140","00",,,,"42","101",,,"009300",,,,,,,,,,,,,,".",".",,,,,,,,,,,,,"1400000US42101009300","Census Tract 93",,,"Census Tract 93, Philadelphia County, Pennsylvania","42101009300","401596","0",,,40933
"ACSSF","pa","140","00",,,,"42","101",,,"009400",,,,,,,,,,,,,,".",".",,,,,,,,,,,,,"1400000US42101009400","Census Tract 94",,,"Census Tract 94, Philadelphia County, Pennsylvania","42101009400","366714","0",,,30335
"ACSSF","pa","140","00",,,,"42","101",,,"009500",,,,,,,,,,,,,,".",".",,,,,,,,,,,,,"1400000US42101009500","Census Tract 95",,,"Census Tract 95, Philadelphia County, Pennsylvania","42101009500","319094","0",,,32935
"ACSSF","pa","140","00",,,,"42","101",,,"009600",,,,,,,,,,,,,,".",".",,,,,,,,,,,,,"1400000US42101009600","Census Tract 96",,,"Census Tract 96, Philadelphia County, Pennsylvania","42101009600","405273","0",,,42297
"ACSSF","pa","140","00",,,,"42","101",,,"009801",,,,,,,,,,,,,,".",".",,,,,,,,,,,,,"1400000US42101009801","Census Tract 98.01",,,"Census Tract 98.01, Philadelphia County, Pennsylvania","42101009801","297978","0",,,75446
"ACSSF","pa","140","00",,,,"42","101",,,"009802",,,,,,,,,,,,,,".",".",,,,,,,,,,,,,"1400000US42101009802","Census Tract 98.02",,,"Census Tract 98.02, Philadelphia County, Pennsylvania","42101009802","613208","0",,,79531
"ACSSF","pa","140","00",,,,"42","101",,,"010000",,,,,,,,,,,,,,".",".",,,,,,,,,,,,,"1400000US42101010000","Census Tract 100",,,"Census Tract 100, Philadelphia County, Pennsylvania","42101010000","497692","0",,,54871
"ACSSF","pa","140","00",,,,"42","101",,,"010100",,,,,,,,,,,,,,".",".",,,,,,,,,,,,,"1400000US42101010100","Census Tract 101",,,"Census Tract 101, Philadelphia County, Pennsylvania","42101010100","601423","0",,,46492
"ACSSF","pa","140","00",,,,"42","101",,,"010200",,,,,,,,,,,,,,".",".",,,,,,,,,,,,,"1400000US42101010200","Census Tract 102",,,"Census Tract 102, Philadelphia County, Pennsylvania","42101010200","360619","0",,,23750
"ACSSF","pa","140","00",,,,"42","101",,,"010300",,,,,,,,,,,,,,".",".",,,,,,,,,,,,,"1400000US42101010300","Census Tract 103",,,"Census Tract 103, Philadelphia County, Pennsylvania","42101010300","281275","0",,,32045
"ACSSF","pa","140","00",,,,"42","101",,,"010400",,,,,,,,,,,,,,".",".",,,,,,,,,,,,,"1400000US42101010400","Census Tract 104",,,"Census Tract 104, Philadelphia County, Pennsylvania","42101010400","473022","0",,,31063
"ACSSF","pa","140","00",,,,"42","101",,,"010500",,,,,,,,,,,,,,".",".",,,,,,,,,,,,,"1400000US42101010500","Census Tract 105",,,"Census Tract 105, Philadelphia County, Pennsylvania","42101010500","657748","0",,,38581
"ACSSF","pa","140","00",,,,"42","101",,,"010600",,,,,,,,,,,,,,".",".",,,,,,,,,,,,,"1400000US42101010600","Census Tract 106",,,"Census Tract 106, Philadelphia County, Pennsylvania","42101010600","265467","0",,,19013
"ACSSF","pa","140","00",,,,"42","101",,,"010700",,,,,,,,,,,,,,".",".",,,,,,,,,,,,,"1400000US42101010700","Census Tract 107",,,"Census Tract 107, Philadelphia County, Pennsylvania","42101010700","461045","0",,,42569
"ACSSF","pa","140","00",,,,"42","101",,,"010800",,,,,,,,,,,,,,".",".",,,,,,,,,,,,,"1400000US42101010800","Census Tract 108",,,"Census Tract 108, Philadelphia County, Pennsylvania","42101010800","585732","0",,,32999
"ACSSF","pa","140","00",,,,"42","101",,,"010900",,,,,,,,,,,,,,".",".",,,,,,,,,,,,,"1400000US42101010900","Census Tract 109",,,"Census Tract 109, Philadelphia County, Pennsylvania","42101010900","286242","0",,,31343
"ACSSF","pa","140","00",,,,"42","101",,,"011000",,,,,,,,,,,,,,".",".",,,,,,,,,,,,,"1400000US42101011000","Census Tract 110",,,"Census Tract 110, Philadelphia County, Pennsylvania","42101011000","508471","0",,,29122
"ACSSF","pa","140","00",,,,"42","101",,,"011100",,,,,,,,,,,,,,".",".",,,,,,,,,,,,,"1400000US42101011100","Census Tract 111",,,"Census Tract 111, Philadelphia County, Pennsylvania","42101011100","1301617","0",,,47632
"ACSSF","pa","140","00",,,,"42","101",,,"011200",,,,,,,,,,,,,,".",".",,,,,,,,,,,,,"1400000US42101011200","Census Tract 112",,,"Census Tract 112, Philadelphia County, Pennsylvania","42101011200","503153","0",,,28958
"ACSSF","pa","140","00",,,,"42","101",,,"011300",,,,,,,,,,,,,,".",".",,,,,,,,,,,,,"1400000US42101011300","Census Tract 113",,,"Census Tract 113, Philadelphia County, Pennsylvania","42101011300","335526","0",,,44545
"ACSSF","pa","140","00",,,,"42","101",,,"011400",,,,,,,,,,,,,,".",".",,,,,,,,,,,,,"1400000US42101011400","Census Tract 114",,,"Census Tract 114, Philadelphia County, Pennsylvania","42101011400","972947","0",,,44416
"ACSSF","pa","140","00",,,,"42","101",,,"011500",,,,,,,,,,,,,,".",".",,,,,,,,,,,,,"1400000US42101011500","Census Tract 115",,,"Census Tract 115, Philadelphia County, Pennsylvania","42101011500","370456","0",,,87349
"ACSSF","pa","140","00",,,,"42","101",,,"011700",,,,,,,,,,,,,,".",".",,,,,,,,,,,,,"1400000US42101011700","Census Tract 117",,,"Census Tract 117, Philadelphia County, Pennsylvania","42101011700","654025","0",,,127083
"ACSSF","pa","140","00",,,,"42","101",,,"011800",,,,,,,,,,,,,,".",".",,,,,,,,,,,,,"1400000US42101011800","Census Tract 118",,,"Census Tract 118, Philadelphia County, Pennsylvania","42101011800","914502","0",,,35515
"ACSSF","pa","140","00",,,,"42","101",,,"011900",,,,,,,,,,,,,,".",".",,,,,,,,,,,,,"1400000US42101011900","Census Tract 119",,,"Census Tract 119, Philadelphia County, Pennsylvania","42101011900","690906","0",,,63628
"ACSSF","pa","140","00",,,,"42","101",,,"012000",,,,,,,,,,,,,,".",".",,,,,,,,,,,,,"1400000US42101012000","Census Tract 120",,,"Census Tract 120, Philadelphia County, Pennsylvania","42101012000","600670","0",,,61483
"ACSSF","pa","140","00",,,,"42","101",,,"012100",,,,,,,,,,,,,,".",".",,,,,,,,,,,,,"1400000US42101012100","Census Tract 121",,,"Census Tract 121, Philadelphia County, Pennsylvania","42101012100","876796","5378",,,53377
"ACSSF","pa","140","00",,,,"42","101",,,"012201",,,,,,,,,,,,,,".",".",,,,,,,,,,,,,"1400000US42101012201","Census Tract 122.01",,,"Census Tract 122.01, Philadelphia County, Pennsylvania","42101012201","376738","2325",,,42782
"ACSSF","pa","140","00",,,,"42","101",,,"012203",,,,,,,,,,,,,,".",".",,,,,,,,,,,,,"1400000US42101012203","Census Tract 122.03",,,"Census Tract 122.03, Philadelphia County, Pennsylvania","42101012203","227697","0",,,63409
"ACSSF","pa","140","00",,,,"42","101",,,"012204",,,,,,,,,,,,,,".",".",,,,,,,,,,,,,"1400000US42101012204","Census Tract 122.04",,,"Census Tract 122.04, Philadelphia County, Pennsylvania","42101012204","879459","56473",,,46037
"ACSSF","pa","140","00",,,,"42","101",,,"012501",,,,,,,,,,,,,,".",".",,,,,,,,,,,,,"1400000US42101012501","Census Tract 125.01",,,"Census Tract 125.01, Philadelphia County, Pennsylvania","42101012501","295431","0",,,82700
"ACSSF","pa","140","00",,,,"42","101",,,"012502",,,,,,,,,,,,,,".",".",,,,,,,,,,,,,"1400000US42101012502","Census Tract 125.02",,,"Census Tract 125.02, Philadelphia County, Pennsylvania","42101012502","569430","32791",,,109602
"ACSSF","pa","140","00",,,,"42","101",,,"013100",,,,,,,,,,,,,,".",".",,,,,,,,,,,,,"1400000US42101013100","Census Tract 131",,,"Census Tract 131, Philadelphia County, Pennsylvania","42101013100","322156","0",,,31924
"ACSSF","pa","140","00",,,,"42","101",,,"013200",,,,,,,,,,,,,,".",".",,,,,,,,,,,,,"1400000US42101013200","Census Tract 132",,,"Census Tract 132, Philadelphia County, Pennsylvania","42101013200","426669","0",,,44299
"ACSSF","pa","140","00",,,,"42","101",,,"013300",,,,,,,,,,,,,,".",".",,,,,,,,,,,,,"1400000US42101013300","Census Tract 133",,,"Census Tract 133, Philadelphia County, Pennsylvania","42101013300","357932","0",,,98373
"ACSSF","pa","140","00",,,,"42","101",,,"013401",,,,,,,,,,,,,,".",".",,,,,,,,,,,,,"1400000US42101013401","Census Tract 134.01",,,"Census Tract 134.01, Philadelphia County, Pennsylvania","42101013401","164058","0",,,147361
"ACSSF","pa","140","00",,,,"42","101",,,"013402",,,,,,,,,,,,,,".",".",,,,,,,,,,,,,"1400000US42101013402","Census Tract 134.02",,,"Census Tract 134.02, Philadelphia County, Pennsylvania","42101013402","238612","0",,,92500
"ACSSF","pa","140","00",,,,"42","101",,,"013500",,,,,,,,,,,,,,".",".",,,,,,,,,,,,,"1400000US42101013500","Census Tract 135",,,"Census Tract 135, Philadelphia County, Pennsylvania","42101013500","404892","0",,,146792
"ACSSF","pa","140","00",,,,"42","101",,,"013601",,,,,,,,,,,,,,".",".",,,,,,,,,,,,,"1400000US42101013601","Census Tract 136.01",,,"Census Tract 136.01, Philadelphia County, Pennsylvania","42101013601","175316","0",,,108867
"ACSSF","pa","140","00",,,,"42","101",,,"013602",,,,,,,,,,,,,,".",".",,,,,,,,,,,,,"1400000US42101013602","Census Tract 136.02",,,"Census Tract 136.02, Philadelphia County, Pennsylvania","42101013602","246812","0",,,131705
"ACSSF","pa","140","00",,,,"42","101",,,"013701",,,,,,,,,,,,,,".",".",,,,,,,,,,,,,"1400000US42101013701","Census Tract 137.01",,,"Census Tract 137.01, Philadelphia County, Pennsylvania","42101013701","264473","0",,,94396
"ACSSF","pa","140","00",,,,"42","101",,,"013702",,,,,,,,,,,,,,".",".",,,,,,,,,,,,,"1400000US42101013702","Census Tract 137.02",,,"Census Tract 137.02, Philadelphia County, Pennsylvania","42101013702","325261","0",,,82660
"ACSSF","pa","140","00",,,,"42","101",,,"013800",,,,,,,,,,,,,,".",".",,,,,,,,,,,,,"1400000US42101013800","Census Tract 138",,,"Census Tract 138, Philadelphia County, Pennsylvania","42101013800","341257","0",,,63523
"ACSSF","pa","140","00",,,,"42","101",,,"013900",,,,,,,,,,,,,,".",".",,,,,,,,,,,,,"1400000US42101013900","Census Tract 139",,,"Census Tract 139, Philadelphia County, Pennsylvania","42101013900","562937","0",,,52741
"ACSSF","pa","140","00",,,,"42","101",,,"014000",,,,,,,,,,,,,,".",".",,,,,,,,,,,,,"1400000US42101014000","Census Tract 140",,,"Census Tract 140, Philadelphia County, Pennsylvania","42101014000","439804","0",,,49234
"ACSSF","pa","140","00",,,,"42","101",,,"014100",,,,,,,,,,,,,,".",".",,,,,,,,,,,,,"1400000US42101014100","Census Tract 141",,,"Census Tract 141, Philadelphia County, Pennsylvania","42101014100","562140","0",,,21211
"ACSSF","pa","140","00",,,,"42","101",,,"014201",,,,,,,,,,,,,,".",".",,,,,,,,,,,,,"1400000US42101014201","Census Tract 142.01",,,"Census Tract 142.01, Philadelphia County, Pennsylvania","42101014201","290725","0",,,149475
"ACSSF","pa","140","00",,,,"42","101",,,"014202",,,,,,,,,,,,,,".",".",,,,,,,,,,,,,"1400000US42101014202","Census Tract 142.02",,,"Census Tract 142.02, Philadelphia County, Pennsylvania","42101014202","514671","305265",,,101488
"ACSSF","pa","140","00",,,,"42","101",,,"014300",,,,,,,,,,,,,,".",".",,,,,,,,,,,,,"1400000US42101014300","Census Tract 143",,,"Census Tract 143, Philadelphia County, Pennsylvania","42101014300","570961","282807",,,127520
"ACSSF","pa","140","00",,,,"42","101",,,"014400",,,,,,,,,,,,,,".",".",,,,,,,,,,,,,"1400000US42101014400","Census Tract 144",,,"Census Tract 144, Philadelphia County, Pennsylvania","42101014400","609443","0",,,129023
"ACSSF","pa","140","00",,,,"42","101",,,"014500",,,,,,,,,,,,,,".",".",,,,,,,,,,,,,"1400000US42101014500","Census Tract 145",,,"Census Tract 145, Philadelphia County, Pennsylvania","42101014500","321465","0",,,42619
"ACSSF","pa","140","00",,,,"42","101",,,"014600",,,,,,,,,,,,,,".",".",,,,,,,,,,,,,"1400000US42101014600","Census Tract 146",,,"Census Tract 146, Philadelphia County, Pennsylvania","42101014600","445048","0",,,51563
"ACSSF","pa","140","00",,,,"42","101",,,"014700",,,,,,,,,,,,,,".",".",,,,,,,,,,,,,"1400000US42101014700","Census Tract 147",,,"Census Tract 147, Philadelphia County, Pennsylvania","42101014700","337677","0",,,26018
"ACSSF","pa","140","00",,,,"42","101",,,"014800",,,,,,,,,,,,,,".",".",,,,,,,,,,,,,"1400000US42101014800","Census Tract 148",,,"Census Tract 148, Philadelphia County, Pennsylvania","42101014800","191125","0",,,
"ACSSF","pa","140","00",,,,"42","101",,,"014900",,,,,,,,,,,,,,".",".",,,,,,,,,,,,,"1400000US42101014900","Census Tract 149",,,"Census Tract 149, Philadelphia County, Pennsylvania","42101014900","453220","0",,,37431
"ACSSF","pa","140","00",,,,"42","101",,,"015101",,,,,,,,,,,,,,".",".",,,,,,,,,,,,,"1400000US42101015101","Census Tract 151.01",,,"Census Tract 151.01, Philadelphia County, Pennsylvania","42101015101","193072","0",,,48019
"ACSSF","pa","140","00",,,,"42","101",,,"015102",,,,,,,,,,,,,,".",".",,,,,,,,,,,,,"1400000US42101015102","Census Tract 151.02",,,"Census Tract 151.02, Philadelphia County, Pennsylvania","42101015102","556564","0",,,22720
"ACSSF","pa","140","00",,,,"42","101",,,"015200",,,,,,,,,,,,,,".",".",,,,,,,,,,,,,"1400000US42101015200","Census Tract 152",,,"Census Tract 152, Philadelphia County, Pennsylvania","42101015200","669100","0",,,42256
"ACSSF","pa","140","00",,,,"42","101",,,"015300",,,,,,,,,,,,,,".",".",,,,,,,,,,,,,"1400000US42101015300","Census Tract 153",,,"Census Tract 153, Philadelphia County, Pennsylvania","42101015300","469148","0",,,30915
"ACSSF","pa","140","00",,,,"42","101",,,"015600",,,,,,,,,,,,,,".",".",,,,,,,,,,,,,"1400000US42101015600","Census Tract 156",,,"Census Tract 156, Philadelphia County, Pennsylvania","42101015600","429566","0",,,64125
"ACSSF","pa","140","00",,,,"42","101",,,"015700",,,,,,,,,,,,,,".",".",,,,,,,,,,,,,"1400000US42101015700","Census Tract 157",,,"Census Tract 157, Philadelphia County, Pennsylvania","42101015700","485072","0",,,88125
"ACSSF","pa","140","00",,,,"42","101",,,"015800",,,,,,,,,,,,,,".",".",,,,,,,,,,,,,"1400000US42101015800","Census Tract 158",,,"Census Tract 158, Philadelphia County, Pennsylvania","42101015800","580215","0",,,116629
"ACSSF","pa","140","00",,,,"42","101",,,"016001",,,,,,,,,,,,,,".",".",,,,,,,,,,,,,"1400000US42101016001","Census Tract 160.01",,,"Census Tract 160.01, Philadelphia County, Pennsylvania","42101016001","330018","0",,,111170
"ACSSF","pa","140","00",,,,"42","101",,,"016002",,,,,,,,,,,,,,".",".",,,,,,,,,,,,,"1400000US42101016002","Census Tract 160.02",,,"Census Tract 160.02, Philadelphia County, Pennsylvania","42101016002","391013","0",,,110681
"ACSSF","pa","140","00",,,,"42","101",,,"016100",,,,,,,,,,,,,,".",".",,,,,,,,,,,,,"1400000US42101016100","Census Tract 161",,,"Census Tract 161, Philadelphia County, Pennsylvania","42101016100","707749","0",,,102324
"ACSSF","pa","140","00",,,,"42","101",,,"016200",,,,,,,,,,,,,,".",".",,,,,,,,,,,,,"1400000US42101016200","Census Tract 162",,,"Census Tract 162, Philadelphia County, Pennsylvania","42101016200","364983","0",,,39009
"ACSSF","pa","140","00",,,,"42","101",,,"016300",,,,,,,,,,,,,,".",".",,,,,,,,,,,,,"1400000US42101016300","Census Tract 163",,,"Census Tract 163, Philadelphia County, Pennsylvania","42101016300","572226","0",,,39872
"ACSSF","pa","140","00",,,,"42","101",,,"016400",,,,,,,,,,,,,,".",".",,,,,,,,,,,,,"1400000US42101016400","Census Tract 164",,,"Census Tract 164, Philadelphia County, Pennsylvania","42101016400","485081","0",,,24497
"ACSSF","pa","140","00",,,,"42","101",,,"016500",,,,,,,,,,,,,,".",".",,,,,,,,,,,,,"1400000US42101016500","Census Tract 165",,,"Census Tract 165, Philadelphia County, Pennsylvania","42101016500","394661","0",,,
"ACSSF","pa","140","00",,,,"42","101",,,"016600",,,,,,,,,,,,,,".",".",,,,,,,,,,,,,"1400000US42101016600","Census Tract 166",,,"Census Tract 166, Philadelphia County, Pennsylvania","42101016600","261132","0",,,57778
"ACSSF","pa","140","00",,,,"42","101",,,"016701",,,,,,,,,,,,,,".",".",,,,,,,,,,,,,"1400000US42101016701","Census Tract 167.01",,,"Census Tract 167.01, Philadelphia County, Pennsylvania","42101016701","254216","0",,,52656
"ACSSF","pa","140","00",,,,"42","101",,,"016702",,,,,,,,,,,,,,".",".",,,,,,,,,,,,,"1400000US42101016702","Census Tract 167.02",,,"Census Tract 167.02, Philadelphia County, Pennsylvania","42101016702","355103","0",,,34063
"ACSSF","pa","140","00",,,,"42","101",,,"016800",,,,,,,,,,,,,,".",".",,,,,,,,,,,,,"1400000US42101016800","Census Tract 168",,,"Census Tract 168, Philadelphia County, Pennsylvania","42101016800","581132","0",,,27100
"ACSSF","pa","140","00",,,,"42","101",,,"016901",,,,,,,,,,,,,,".",".",,,,,,,,,,,,,"1400000US42101016901","Census Tract 169.01",,,"Census Tract 169.01, Philadelphia County, Pennsylvania","42101016901","512906","0",,,38958
"ACSSF","pa","140","00",,,,"42","101",,,"016902",,,,,,,,,,,,,,".",".",,,,,,,,,,,,,"1400000US42101016902","Census Tract 169.02",,,"Census Tract 169.02, Philadelphia County, Pennsylvania","42101016902","563694","0",,,22422
"ACSSF","pa","140","00",,,,"42","101",,,"017000",,,,,,,,,,,,,,".",".",,,,,,,,,,,,,"1400000US42101017000","Census Tract 170",,,"Census Tract 170, Philadelphia County, Pennsylvania","42101017000","1571911","53598",,,36677
"ACSSF","pa","140","00",,,,"42","101",,,"017100",,,,,,,,,,,,,,".",".",,,,,,,,,,,,,"1400000US42101017100","Census Tract 171",,,"Census Tract 171, Philadelphia County, Pennsylvania","42101017100","1140891","0",,,27300
"ACSSF","pa","140","00",,,,"42","101",,,"017201",,,,,,,,,,,,,,".",".",,,,,,,,,,,,,"1400000US42101017201","Census Tract 172.01",,,"Census Tract 172.01, Philadelphia County, Pennsylvania","42101017201","262958","0",,,26313
"ACSSF","pa","140","00",,,,"42","101",,,"017202",,,,,,,,,,,,,,".",".",,,,,,,,,,,,,"1400000US42101017202","Census Tract 172.02",,,"Census Tract 172.02, Philadelphia County, Pennsylvania","42101017202","290610","0",,,48229
"ACSSF","pa","140","00",,,,"42","101",,,"017300",,,,,,,,,,,,,,".",".",,,,,,,,,,,,,"1400000US42101017300","Census Tract 173",,,"Census Tract 173, Philadelphia County, Pennsylvania","42101017300","874587","0",,,26875
"ACSSF","pa","140","00",,,,"42","101",,,"017400",,,,,,,,,,,,,,".",".",,,,,,,,,,,,,"1400000US42101017400","Census Tract 174",,,"Census Tract 174, Philadelphia County, Pennsylvania","42101017400","353985","0",,,35528
"ACSSF","pa","140","00",,,,"42","101",,,"017500",,,,,,,,,,,,,,".",".",,,,,,,,,,,,,"1400000US42101017500","Census Tract 175",,,"Census Tract 175, Philadelphia County, Pennsylvania","42101017500","719916","6252",,,30823
"ACSSF","pa","140","00",,,,"42","101",,,"017601",,,,,,,,,,,,,,".",".",,,,,,,,,,,,,"1400000US42101017601","Census Tract 176.01",,,"Census Tract 176.01, Philadelphia County, Pennsylvania","42101017601","579128","0",,,27006
"ACSSF","pa","140","00",,,,"42","101",,,"017602",,,,,,,,,,,,,,".",".",,,,,,,,,,,,,"1400000US42101017602","Census Tract 176.02",,,"Census Tract 176.02, Philadelphia County, Pennsylvania","42101017602","400461","0",,,32523
"ACSSF","pa","140","00",,,,"42","101",,,"017701",,,,,,,,,,,,,,".",".",,,,,,,,,,,,,"1400000US42101017701","Census Tract 177.01",,,"Census Tract 177.01, Philadelphia County, Pennsylvania","42101017701","241053","0",,,37917
"ACSSF","pa","140","00",,,,"42","101",,,"017702",,,,,,,,,,,,,,".",".",,,,,,,,,,,,,"1400000US42101017702","Census Tract 177.02",,,"Census Tract 177.02, Philadelphia County, Pennsylvania","42101017702","489257","0",,,29551
"ACSSF","pa","140","00",,,,"42","101",,,"017800",,,,,,,,,,,,,,".",".",,,,,,,,,,,,,"1400000US42101017800","Census Tract 178",,,"Census Tract 178, Philadelphia County, Pennsylvania","42101017800","662615","0",,,42104
"ACSSF","pa","140","00",,,,"42","101",,,"017900",,,,,,,,,,,,,,".",".",,,,,,,,,,,,,"1400000US42101017900","Census Tract 179",,,"Census Tract 179, Philadelphia County, Pennsylvania","42101017900","714138","0",,,53343
"ACSSF","pa","140","00",,,,"42","101",,,"018001",,,,,,,,,,,,,,".",".",,,,,,,,,,,,,"1400000US42101018001","Census Tract 180.01",,,"Census Tract 180.01, Philadelphia County, Pennsylvania","42101018001","387384","0",,,59221
"ACSSF","pa","140","00",,,,"42","101",,,"018002",,,,,,,,,,,,,,".",".",,,,,,,,,,,,,"1400000US42101018002","Census Tract 180.02",,,"Census Tract 180.02, Philadelphia County, Pennsylvania","42101018002","439791","0",,,70579
"ACSSF","pa","140","00",,,,"42","101",,,"018300",,,,,,,,,,,,,,".",".",,,,,,,,,,,,,"1400000US42101018300","Census Tract 183",,,"Census Tract 183, Philadelphia County, Pennsylvania","42101018300","1799301","124649",,,77011
"ACSSF","pa","140","00",,,,"42","101",,,"018400",,,,,,,,,,,,,,".",".",,,,,,,,,,,,,"1400000US42101018400","Census Tract 184",,,"Census Tract 184, Philadelphia County, Pennsylvania","42101018400","1320301","998924",,,73478
"ACSSF","pa","140","00",,,,"42","101",,,"018801",,,,,,,,,,,,,,".",".",,,,,,,,,,,,,"1400000US42101018801","Census Tract 188.01",,,"Census Tract 188.01, Philadelphia County, Pennsylvania","42101018801","411225","0",,,22349
"ACSSF","pa","140","00",,,,"42","101",,,"018802",,,,,,,,,,,,,,".",".",,,,,,,,,,,,,"1400000US42101018802","Census Tract 188.02",,,"Census Tract 188.02, Philadelphia County, Pennsylvania","42101018802","252066","0",,,47529
"ACSSF","pa","140","00",,,,"42","101",,,"019000",,,,,,,,,,,,,,".",".",,,,,,,,,,,,,"1400000US42101019000","Census Tract 190",,,"Census Tract 190, Philadelphia County, Pennsylvania","42101019000","778606","6099",,,36857
"ACSSF","pa","140","00",,,,"42","101",,,"019100",,,,,,,,,,,,,,".",".",,,,,,,,,,,,,"1400000US42101019100","Census Tract 191",,,"Census Tract 191, Philadelphia County, Pennsylvania","42101019100","1439046","10674",,,50238
"ACSSF","pa","140","00",,,,"42","101",,,"019200",,,,,,,,,,,,,,".",".",,,,,,,,,,,,,"1400000US42101019200","Census Tract 192",,,"Census Tract 192, Philadelphia County, Pennsylvania","42101019200","668236","0",,,13721
"ACSSF","pa","140","00",,,,"42","101",,,"019501",,,,,,,,,,,,,,".",".",,,,,,,,,,,,,"1400000US42101019501","Census Tract 195.01",,,"Census Tract 195.01, Philadelphia County, Pennsylvania","42101019501","393883","0",,,25590
"ACSSF","pa","140","00",,,,"42","101",,,"019502",,,,,,,,,,,,,,".",".",,,,,,,,,,,,,"1400000US42101019502","Census Tract 195.02",,,"Census Tract 195.02, Philadelphia County, Pennsylvania","42101019502","370299","0",,,28291
"ACSSF","pa","140","00",,,,"42","101",,,"019700",,,,,,,,,,,,,,".",".",,,,,,,,,,,,,"1400000US42101019700","Census Tract 197",,,"Census Tract 197, Philadelphia County, Pennsylvania","42101019700","450587","0",,,32063
"ACSSF","pa","140","00",,,,"42","101",,,"019800",,,,,,,,,,,,,,".",".",,,,,,,,,,,,,"1400000US42101019800","Census Tract 198",,,"Census Tract 198, Philadelphia County, Pennsylvania","42101019800","540315","0",,,36502
"ACSSF","pa","140","00",,,,"42","101",,,"019900",,,,,,,,,,,,,,".",".",,,,,,,,,,,,,"1400000US42101019900","Census Tract 199",,,"Census Tract 199, Philadelphia County, Pennsylvania","42101019900","661885","0",,,28803
"ACSSF","pa","140","00",,,,"42","101",,,"020000",,,,,,,,,,,,,,".",".",,,,,,,,,,,,,"1400000US42101020000","Census Tract 200",,,"Census Tract 200, Philadelphia County, Pennsylvania","42101020000","316769","0",,,18510
"ACSSF","pa","140","00",,,,"42","101",,,"020101",,,,,,,,,,,,,,".",".",,,,,,,,,,,,,"1400000US42101020101","Census Tract 201.01",,,"Census Tract 201.01, Philadelphia County, Pennsylvania","42101020101","483579","0",,,28559
"ACSSF","pa","140","00",,,,"42","101",,,"020102",,,,,,,,,,,,,,".",".",,,,,,,,,,,,,"1400000US42101020102","Census Tract 201.02",,,"Census Tract 201.02, Philadelphia County, Pennsylvania","42101020102","373023","0",,,33947
"ACSSF","pa","140","00",,,,"42","101",,,"020200",,,,,,,,,,,,,,".",".",,,,,,,,,,,,,"1400000US42101020200","Census Tract 202",,,"Census Tract 202, Philadelphia County, Pennsylvania","42101020200","756812","0",,,35000
"ACSSF","pa","140","00",,,,"42","101",,,"020300",,,,,,,,,,,,,,".",".",,,,,,,,,,,,,"1400000US42101020300","Census Tract 203",,,"Census Tract 203, Philadelphia County, Pennsylvania","42101020300","508186","0",,,49115
"ACSSF","pa","140","00",,,,"42","101",,,"020400",,,,,,,,,,,,,,".",".",,,,,,,,,,,,,"1400000US42101020400","Census Tract 204",,,"Census Tract 204, Philadelphia County, Pennsylvania","42101020400","407373","0",,,46037
"ACSSF","pa","140","00",,,,"42","101",,,"020500",,,,,,,,,,,,,,".",".",,,,,,,,,,,,,"1400000US42101020500","Census Tract 205",,,"Census Tract 205, Philadelphia County, Pennsylvania","42101020500","1429513","0",,,
"ACSSF","pa","140","00",,,,"42","101",,,"020600",,,,,,,,,,,,,,".",".",,,,,,,,,,,,,"1400000US42101020600","Census Tract 206",,,"Census Tract 206, Philadelphia County, Pennsylvania","42101020600","1295909","56782",,,65580
"ACSSF","pa","140","00",,,,"42","101",,,"020701",,,,,,,,,,,,,,".",".",,,,,,,,,,,,,"1400000US42101020701","Census Tract 207.01",,,"Census Tract 207.01, Philadelphia County, Pennsylvania","42101020701","625472","33771",,,115402
"ACSSF","pa","140","00",,,,"42","101",,,"020702",,,,,,,,,,,,,,".",".",,,,,,,,,,,,,"1400000US42101020702","Census Tract 207.02",,,"Census Tract 207.02, Philadelphia County, Pennsylvania","42101020702","799191","60259",,,192727
"ACSSF","pa","140","00",,,,"42","101",,,"020800",,,,,,,,,,,,,,".",".",,,,,,,,,,,,,"1400000US42101020800","Census Tract 208",,,"Census Tract 208, Philadelphia County, Pennsylvania","42101020800","895387","0",,,71701
"ACSSF","pa","140","00",,,,"42","101",,,"020900",,,,,,,,,,,,,,".",".",,,,,,,,,,,,,"1400000US42101020900","Census Tract 209",,,"Census Tract 209, Philadelphia County, Pennsylvania","42101020900","521767","35427",,,125064
"ACSSF","pa","140","00",,,,"42","101",,,"021000",,,,,,,,,,,,,,".",".",,,,,,,,,,,,,"1400000US42101021000","Census Tract 210",,,"Census Tract 210, Philadelphia County, Pennsylvania","42101021000","858218","55718",,,88924
"ACSSF","pa","140","00",,,,"42","101",,,"021100",,,,,,,,,,,,,,".",".",,,,,,,,,,,,,"1400000US42101021100","Census Tract 211",,,"Census Tract 211, Philadelphia County, Pennsylvania","42101021100","554014","0",,,92610
"ACSSF","pa","140","00",,,,"42","101",,,"021200",,,,,,,,,,,,,,".",".",,,,,,,,,,,,,"1400000US42101021200","Census Tract 212",,,"Census Tract 212, Philadelphia County, Pennsylvania","42101021200","515705","0",,,109861
"ACSSF","pa","140","00",,,,"42","101",,,"021300",,,,,,,,,,,,,,".",".",,,,,,,,,,,,,"1400000US42101021300","Census Tract 213",,,"Census Tract 213, Philadelphia County, Pennsylvania","42101021300","538872","0",,,98196
"ACSSF","pa","140","00",,,,"42","101",,,"021400",,,,,,,,,,,,,,".",".",,,,,,,,,,,,,"1400000US42101021400","Census Tract 214",,,"Census Tract 214, Philadelphia County, Pennsylvania","42101021400","606692","55277",,,82297
"ACSSF","pa","140","00",,,,"42","101",,,"021500",,,,,,,,,,,,,,".",".",,,,,,,,,,,,,"1400000US42101021500","Census Tract 215",,,"Census Tract 215, Philadelphia County, Pennsylvania","42101021500","1004126","24008",,,121667
"ACSSF","pa","140","00",,,,"42","101",,,"021600",,,,,,,,,,,,,,".",".",,,,,,,,,,,,,"1400000US42101021600","Census Tract 216",,,"Census Tract 216, Philadelphia County, Pennsylvania","42101021600","1991449","129204",,,101075
"ACSSF","pa","140","00",,,,"42","101",,,"021700",,,,,,,,,,,,,,".",".",,,,,,,,,,,,,"1400000US42101021700","Census Tract 217",,,"Census Tract 217, Philadelphia County, Pennsylvania","42101021700","1559580","0",,,86222
"ACSSF","pa","140","00",,,,"42","101",,,"021800",,,,,,,,,,,,,,".",".",,,,,,,,,,,,,"1400000US42101021800","Census Tract 218",,,"Census Tract 218, Philadelphia County, Pennsylvania","42101021800","1006008","0",,,70354
"ACSSF","pa","140","00",,,,"42","101",,,"021900",,,,,,,,,,,,,,".",".",,,,,,,,,,,,,"1400000US42101021900","Census Tract 219",,,"Census Tract 219, Philadelphia County, Pennsylvania","42101021900","1410069","51091",,,78542
"ACSSF","pa","140","00",,,,"42","101",,,"022000",,,,,,,,,,,,,,".",".",,,,,,,,,,,,,"1400000US42101022000","Census Tract 220",,,"Census Tract 220, Philadelphia County, Pennsylvania","42101022000","2913179","99558",,,94750
"ACSSF","pa","140","00",,,,"42","101",,,"023100",,,,,,,,,,,,,,".",".",,,,,,,,,,,,,"1400000US42101023100","Census Tract 231",,,"Census Tract 231, Philadelphia County, Pennsylvania","42101023100","732749","1270",,,179911
"ACSSF","pa","140","00",,,,"42","101",,,"023500",,,,,,,,,,,,,,".",".",,,,,,,,,,,,,"1400000US42101023500","Census Tract 235",,,"Census Tract 235, Philadelphia County, Pennsylvania","42101023500","799347","0",,,94904
"ACSSF","pa","140","00",,,,"42","101",,,"023600",,,,,,,,,,,,,,".",".",,,,,,,,,,,,,"1400000US42101023600","Census Tract 236",,,"Census Tract 236, Philadelphia County, Pennsylvania","42101023600","978079","0",,,105491
"ACSSF","pa","140","00",,,,"42","101",,,"023700",,,,,,,,,,,,,,".",".",,,,,,,,,,,,,"1400000US42101023700","Census Tract 237",,,"Census Tract 237, Philadelphia County, Pennsylvania","42101023700","1072974","0",,,68676
"ACSSF","pa","140","00",,,,"42","101",,,"023800",,,,,,,,,,,,,,".",".",,,,,,,,,,,,,"1400000US42101023800","Census Tract 238",,,"Census Tract 238, Philadelphia County, Pennsylvania","42101023800","781630","0",,,66691
"ACSSF","pa","140","00",,,,"42","101",,,"023900",,,,,,,,,,,,,,".",".",,,,,,,,,,,,,"1400000US42101023900","Census Tract 239",,,"Census Tract 239, Philadelphia County, Pennsylvania","42101023900","486021","2705",,,45294
"ACSSF","pa","140","00",,,,"42","101",,,"024000",,,,,,,,,,,,,,".",".",,,,,,,,,,,,,"1400000US42101024000","Census Tract 240",,,"Census Tract 240, Philadelphia County, Pennsylvania","42101024000","617080","0",,,63795
"ACSSF","pa","140","00",,,,"42","101",,,"024100",,,,,,,,,,,,,,".",".",,,,,,,,,,,,,"1400000US42101024100","Census Tract 241",,,"Census Tract 241, Philadelphia County, Pennsylvania","42101024100","407855","0",,,18646
"ACSSF","pa","140","00",,,,"42","101",,,"024200",,,,,,,,,,,,,,".",".",,,,,,,,,,,,,"1400000US42101024200","Census Tract 242",,,"Census Tract 242, Philadelphia County, Pennsylvania","42101024200","532060","0",,,46144
"ACSSF","pa","140","00",,,,"42","101",,,"024300",,,,,,,,,,,,,,".",".",,,,,,,,,,,,,"1400000US42101024300","Census Tract 243",,,"Census Tract 243, Philadelphia County, Pennsylvania","42101024300","679034","0",,,56364
"ACSSF","pa","140","00",,,,"42","101",,,"024400",,,,,,,,,,,,,,".",".",,,,,,,,,,,,,"1400000US42101024400","Census Tract 244",,,"Census Tract 244, Philadelphia County, Pennsylvania","42101024400","421189","0",,,53333
"ACSSF","pa","140","00",,,,"42","101",,,"024500",,,,,,,,,,,,,,".",".",,,,,,,,,,,,,"1400000US42101024500","Census Tract 245",,,"Census Tract 245, Philadelphia County, Pennsylvania","42101024500","800999","0",,,21117
"ACSSF","pa","140","00",,,,"42","101",,,"024600",,,,,,,,,,,,,,".",".",,,,,,,,,,,,,"1400000US42101024600","Census Tract 246",,,"Census Tract 246, Philadelphia County, Pennsylvania","42101024600","621261","0",,,53414
"ACSSF","pa","140","00",,,,"42","101",,,"024700",,,,,,,,,,,,,,".",".",,,,,,,,,,,,,"1400000US42101024700","Census Tract 247",,,"Census Tract 247, Philadelphia County, Pennsylvania","42101024700","941266","0",,,47849
"ACSSF","pa","140","00",,,,"42","101",,,"024800",,,,,,,,,,,,,,".",".",,,,,,,,,,,,,"1400000US42101024800","Census Tract 248",,,"Census Tract 248, Philadelphia County, Pennsylvania","42101024800","319262","0",,,50385
"ACSSF","pa","140","00",,,,"42","101",,,"024900",,,,,,,,,,,,,,".",".",,,,,,,,,,,,,"1400000US42101024900","Census Tract 249",,,"Census Tract 249, Philadelphia County, Pennsylvania","42101024900","325196","0",,,24904
"ACSSF","pa","140","00",,,,"42","101",,,"025200",,,,,,,,,,,,,,".",".",,,,,,,,,,,,,"1400000US42101025200","Census Tract 252",,,"Census Tract 252, Philadelphia County, Pennsylvania","42101025200","952424","0",,,30596
"ACSSF","pa","140","00",,,,"42","101",,,"025300",,,,,,,,,,,,,,".",".",,,,,,,,,,,,,"1400000US42101025300","Census Tract 253",,,"Census Tract 253, Philadelphia County, Pennsylvania","42101025300","581298","0",,,55988
"ACSSF","pa","140","00",,,,"42","101",,,"025400",,,,,,,,,,,,,,".",".",,,,,,,,,,,,,"1400000US42101025400","Census Tract 254",,,"Census Tract 254, Philadelphia County, Pennsylvania","42101025400","769759","0",,,68287
"ACSSF","pa","140","00",,,,"42","101",,,"025500",,,,,,,,,,,,,,".",".",,,,,,,,,,,,,"1400000US42101025500","Census Tract 255",,,"Census Tract 255, Philadelphia County, Pennsylvania","42101025500","766601","0",,,78798
"ACSSF","pa","140","00",,,,"42","101",,,"025600",,,,,,,,,,,,,,".",".",,,,,,,,,,,,,"1400000US42101025600","Census Tract 256",,,"Census Tract 256, Philadelphia County, Pennsylvania","42101025600","865284","1982",,,87788
"ACSSF","pa","140","00",,,,"42","101",,,"025700",,,,,,,,,,,,,,".",".",,,,,,,,,,,,,"1400000US42101025700","Census Tract 257",,,"Census Tract 257, Philadelphia County, Pennsylvania","42101025700","746915","0",,,63542
"ACSSF","pa","140","00",,,,"42","101",,,"025800",,,,,,,,,,,,,,".",".",,,,,,,,,,,,,"1400000US42101025800","Census Tract 258",,,"Census Tract 258, Philadelphia County, Pennsylvania","42101025800","586720","0",,,50813
"ACSSF","pa","140","00",,,,"42","101",,,"025900",,,,,,,,,,,,,,".",".",,,,,,,,,,,,,"1400000US42101025900","Census Tract 259",,,"Census Tract 259, Philadelphia County, Pennsylvania","42101025900","549417","0",,,53713
"ACSSF","pa","140","00",,,,"42","101",,,"026000",,,,,,,,,,,,,,".",".",,,,,,,,,,,,,"1400000US42101026000","Census Tract 260",,,"Census Tract 260, Philadelphia County, Pennsylvania","42101026000","543433","0",,,64868
"ACSSF","pa","140","00",,,,"42","101",,,"026100",,,,,,,,,,,,,,".",".",,,,,,,,,,,,,"1400000US42101026100","Census Tract 261",,,"Census Tract 261, Philadelphia County, Pennsylvania","42101026100","649365","0",,,56546
"ACSSF","pa","140","00",,,,"42","101",,,"026200",,,,,,,,,,,,,,".",".",,,,,,,,,,,,,"1400000US42101026200","Census Tract 262",,,"Census Tract 262, Philadelphia County, Pennsylvania","42101026200","555958","0",,,59954
"ACSSF","pa","140","00",,,,"42","101",,,"026301",,,,,,,,,,,,,,".",".",,,,,,,,,,,,,"1400000US42101026301","Census Tract 263.01",,,"Census Tract 263.01, Philadelphia County, Pennsylvania","42101026301","406340","0",,,67379
"ACSSF","pa","140","00",,,,"42","101",,,"026302",,,,,,,,,,,,,,".",".",,,,,,,,,,,,,"1400000US42101026302","Census Tract 263.02",,,"Census Tract 263.02, Philadelphia County, Pennsylvania","42101026302","704112","0",,,77160
"ACSSF","pa","140","00",,,,"42","101",,,"026400",,,,,,,,,,,,,,".",".",,,,,,,,,,,,,"1400000US42101026400","Census Tract 264",,,"Census Tract 264, Philadelphia County, Pennsylvania","42101026400","796819","0",,,63867
"ACSSF","pa","140","00",,,,"42","101",,,"026500",,,,,,,,,,,,,,".",".",,,,,,,,,,,,,"1400000US42101026500","Census Tract 265",,,"Census Tract 265, Philadelphia County, Pennsylvania","42101026500","545961","0",,,46806
"ACSSF","pa","140","00",,,,"42","101",,,"026600",,,,,,,,,,,,,,".",".",,,,,,,,,,,,,"1400000US42101026600","Census Tract 266",,,"Census Tract 266, Philadelphia County, Pennsylvania","42101026600","912763","0",,,52267
"ACSSF","pa","140","00",,,,"42","101",,,"026700",,,,,,,,,,,,,,".",".",,,,,,,,,,,,,"1400000US42101026700","Census Tract 267",,,"Census Tract 267, Philadelphia County, Pennsylvania","42101026700","644274","0",,,51021
"ACSSF","pa","140","00",,,,"42","101",,,"026800",,,,,,,,,,,,,,".",".",,,,,,,,,,,,,"1400000US42101026800","Census Tract 268",,,"Census Tract 268, Philadelphia County, Pennsylvania","42101026800","774267","0",,,41330
"ACSSF","pa","140","00",,,,"42","101",,,"026900",,,,,,,,,,,,,,".",".",,,,,,,,,,,,,"1400000US42101026900","Census Tract 269",,,"Census Tract 269, Philadelphia County, Pennsylvania","42101026900","614685","0",,,69769
"ACSSF","pa","140","00",,,,"42","101",,,"027000",,,,,,,,,,,,,,".",".",,,,,,,,,,,,,"1400000US42101027000","Census Tract 270",,,"Census Tract 270, Philadelphia County, Pennsylvania","42101027000","642216","0",,,95619
"ACSSF","pa","140","00",,,,"42","101",,,"027100",,,,,,,,,,,,,,".",".",,,,,,,,,,,,,"1400000US42101027100","Census Tract 271",,,"Census Tract 271, Philadelphia County, Pennsylvania","42101027100","372281","39344",,,60255
"ACSSF","pa","140","00",,,,"42","101",,,"027200",,,,,,,,,,,,,,".",".",,,,,,,,,,,,,"1400000US42101027200","Census Tract 272",,,"Census Tract 272, Philadelphia County, Pennsylvania","42101027200","679047","408",,,64102
"ACSSF","pa","140","00",,,,"42","101",,,"027300",,,,,,,,,,,,,,".",".",,,,,,,,,,,,,"1400000US42101027300","Census Tract 273",,,"Census Tract 273, Philadelphia County, Pennsylvania","42101027300","938006","6986",,,42423
"ACSSF","pa","140","00",,,,"42","101",,,"027401",,,,,,,,,,,,,,".",".",,,,,,,,,,,,,"1400000US42101027401","Census Tract 274.01",,,"Census Tract 274.01, Philadelphia County, Pennsylvania","42101027401","326659","0",,,49869
"ACSSF","pa","140","00",,,,"42","101",,,"027402",,,,,,,,,,,,,,".",".",,,,,,,,,,,,,"1400000US42101027402","Census Tract 274.02",,,"Census Tract 274.02, Philadelphia County, Pennsylvania","42101027402","511360","0",,,71551
"ACSSF","pa","140","00",,,,"42","101",,,"027500",,,,,,,,,,,,,,".",".",,,,,,,,,,,,,"1400000US42101027500","Census Tract 275",,,"Census Tract 275, Philadelphia County, Pennsylvania","42101027500","611452","0",,,61875
"ACSSF","pa","140","00",,,,"42","101",,,"027600",,,,,,,,,,,,,,".",".",,,,,,,,,,,,,"1400000US42101027600","Census Tract 276",,,"Census Tract 276, Philadelphia County, Pennsylvania","42101027600","658885","0",,,65282
"ACSSF","pa","140","00",,,,"42","101",,,"027700",,,,,,,,,,,,,,".",".",,,,,,,,,,,,,"1400000US42101027700","Census Tract 277",,,"Census Tract 277, Philadelphia County, Pennsylvania","42101027700","543126","0",,,
"ACSSF","pa","140","00",,,,"42","101",,,"027800",,,,,,,,,,,,,,".",".",,,,,,,,,,,,,"1400000US42101027800","Census Tract 278",,,"Census Tract 278, Philadelphia County, Pennsylvania","42101027800","724987","0",,,33655
"ACSSF","pa","140","00",,,,"42","101",,,"027901",,,,,,,,,,,,,,".",".",,,,,,,,,,,,,"1400000US42101027901","Census Tract 279.01",,,"Census Tract 279.01, Philadelphia County, Pennsylvania","42101027901","415780","0",,,36135
"ACSSF","pa","140","00",,,,"42","101",,,"027902",,,,,,,,,,,,,,".",".",,,,,,,,,,,,,"1400000US42101027902","Census Tract 279.02",,,"Census Tract 279.02, Philadelphia County, Pennsylvania","42101027902","889786","0",,,44509
"ACSSF","pa","140","00",,,,"42","101",,,"028000",,,,,,,,,,,,,,".",".",,,,,,,,,,,,,"1400000US42101028000","Census Tract 280",,,"Census Tract 280, Philadelphia County, Pennsylvania","42101028000","718347","0",,,36463
"ACSSF","pa","140","00",,,,"42","101",,,"028100",,,,,,,,,,,,,,".",".",,,,,,,,,,,,,"1400000US42101028100","Census Tract 281",,,"Census Tract 281, Philadelphia County, Pennsylvania","42101028100","503541","0",,,55313
"ACSSF","pa","140","00",,,,"42","101",,,"028200",,,,,,,,,,,,,,".",".",,,,,,,,,,,,,"1400000US42101028200","Census Tract 282",,,"Census Tract 282, Philadelphia County, Pennsylvania","42101028200","855786","0",,,34420
"ACSSF","pa","140","00",,,,"42","101",,,"028300",,,,,,,,,,,,,,".",".",,,,,,,,,,,,,"1400000US42101028300","Census Tract 283",,,"Census Tract 283, Philadelphia County, Pennsylvania","42101028300","673069","0",,,37300
"ACSSF","pa","140","00",,,,"42","101",,,"028400",,,,,,,,,,,,,,".",".",,,,,,,,,,,,,"1400000US42101028400","Census Tract 284",,,"Census Tract 284, Philadelphia County, Pennsylvania","42101028400","492492","0",,,28236
"ACSSF","pa","140","00",,,,"42","101",,,"028500",,,,,,,,,,,,,,".",".",,,,,,,,,,,,,"1400000US42101028500","Census Tract 285",,,"Census Tract 285, Philadelphia County, Pennsylvania","42101028500","258296","0",,,
"ACSSF","pa","140","00",,,,"42","101",,,"028600",,,,,,,,,,,,,,".",".",,,,,,,,,,,,,"1400000US42101028600","Census Tract 286",,,"Census Tract 286, Philadelphia County, Pennsylvania","42101028600","666562","0",,,60892
"ACSSF","pa","140","00",,,,"42","101",,,"028700",,,,,,,,,,,,,,".",".",,,,,,,,,,,,,"1400000US42101028700","Census Tract 287",,,"Census Tract 287, Philadelphia County, Pennsylvania","42101028700","384526","0",,,26707
"ACSSF","pa","140","00",,,,"42","101",,,"028800",,,,,,,,,,,,,,".",".",,,,,,,,,,,,,"1400000US42101028800","Census Tract 288",,,"Census Tract 288, Philadelphia County, Pennsylvania","42101028800","492828","0",,,57996
"ACSSF","pa","140","00",,,,"42","101",,,"028901",,,,,,,,,,,,,,".",".",,,,,,,,,,,,,"1400000US42101028901","Census Tract 289.01",,,"Census Tract 289.01, Philadelphia County, Pennsylvania","42101028901","611259","0",,,39087
"ACSSF","pa","140","00",,,,"42","101",,,"028902",,,,,,,,,,,,,,".",".",,,,,,,,,,,,,"1400000US42101028902","Census Tract 289.02",,,"Census Tract 289.02, Philadelphia County, Pennsylvania","42101028902","810472","17644",,,38775
"ACSSF","pa","140","00",,,,"42","101",,,"029000",,,,,,,,,,,,,,".",".",,,,,,,,,,,,,"1400000US42101029000","Census Tract 290",,,"Census Tract 290, Philadelphia County, Pennsylvania","42101029000","773393","9535",,,40870
"ACSSF","pa","140","00",,,,"42","101",,,"029100",,,,,,,,,,,,,,".",".",,,,,,,,,,,,,"1400000US42101029100","Census Tract 291",,,"Census Tract 291, Philadelphia County, Pennsylvania","42101029100","1316903","17180",,,26290
"ACSSF","pa","140","00",,,,"42","101",,,"029200",,,,,,,,,,,,,,".",".",,,,,,,,,,,,,"1400000US42101029200","Census Tract 292",,,"Census Tract 292, Philadelphia County, Pennsylvania","42101029200","1745920","28444",,,77816
"ACSSF","pa","140","00",,,,"42","101",,,"029300",,,,,,,,,,,,,,".",".",,,,,,,,,,,,,"1400000US42101029300","Census Tract 293",,,"Census Tract 293, Philadelphia County, Pennsylvania","42101029300","685583","9747",,,34076
"ACSSF","pa","140","00",,,,"42","101",,,"029400",,,,,,,,,,,,,,".",".",,,,,,,,,,,,,"1400000US42101029400","Census Tract 294",,,"Census Tract 294, Philadelphia County, Pennsylvania","42101029400","647650","2470",,,33661
"ACSSF","pa","140","00",,,,"42","101",,,"029800",,,,,,,,,,,,,,".",".",,,,,,,,,,,,,"1400000US42101029800","Census Tract 298",,,"Census Tract 298, Philadelphia County, Pennsylvania","42101029800","649154","0",,,47292
"ACSSF","pa","140","00",,,,"42","101",,,"029900",,,,,,,,,,,,,,".",".",,,,,,,,,,,,,"1400000US42101029900","Census Tract 299",,,"Census Tract 299, Philadelphia County, Pennsylvania","42101029900","591446","0",,,34487
"ACSSF","pa","140","00",,,,"42","101",,,"030000",,,,,,,,,,,,,,".",".",,,,,,,,,,,,,"1400000US42101030000","Census Tract 300",,,"Census Tract 300, Philadelphia County, Pennsylvania","42101030000","910853","0",,,33419
"ACSSF","pa","140","00",,,,"42","101",,,"030100",,,,,,,,,,,,,,".",".",,,,,,,,,,,,,"1400000US42101030100","Census Tract 301",,,"Census Tract 301, Philadelphia County, Pennsylvania","42101030100","725114","0",,,
"ACSSF","pa","140","00",,,,"42","101",,,"030200",,,,,,,,,,,,,,".",".",,,,,,,,,,,,,"1400000US42101030200","Census Tract 302",,,"Census Tract 302, Philadelphia County, Pennsylvania","42101030200","901714","0",,,60625
"ACSSF","pa","140","00",,,,"42","101",,,"030501",,,,,,,,,,,,,,".",".",,,,,,,,,,,,,"1400000US42101030501","Census Tract 305.01",,,"Census Tract 305.01, Philadelphia County, Pennsylvania","42101030501","377375","0",,,50240
"ACSSF","pa","140","00",,,,"42","101",,,"030502",,,,,,,,,,,,,,".",".",,,,,,,,,,,,,"1400000US42101030502","Census Tract 305.02",,,"Census Tract 305.02, Philadelphia County, Pennsylvania","42101030502","699364","0",,,50245
"ACSSF","pa","140","00",,,,"42","101",,,"030600",,,,,,,,,,,,,,".",".",,,,,,,,,,,,,"1400000US42101030600","Census Tract 306",,,"Census Tract 306, Philadelphia County, Pennsylvania","42101030600","1007764","0",,,44108
"ACSSF","pa","140","00",,,,"42","101",,,"030700",,,,,,,,,,,,,,".",".",,,,,,,,,,,,,"1400000US42101030700","Census Tract 307",,,"Census Tract 307, Philadelphia County, Pennsylvania","42101030700","655249","0",,,58623
"ACSSF","pa","140","00",,,,"42","101",,,"030800",,,,,,,,,,,,,,".",".",,,,,,,,,,,,,"1400000US42101030800","Census Tract 308",,,"Census Tract 308, Philadelphia County, Pennsylvania","42101030800","795704","0",,,59281
"ACSSF","pa","140","00",,,,"42","101",,,"030900",,,,,,,,,,,,,,".",".",,,,,,,,,,,,,"1400000US42101030900","Census Tract 309",,,"Census Tract 309, Philadelphia County, Pennsylvania","42101030900","644878","0",,,56782
"ACSSF","pa","140","00",,,,"42","101",,,"031000",,,,,,,,,,,,,,".",".",,,,,,,,,,,,,"1400000US42101031000","Census Tract 310",,,"Census Tract 310, Philadelphia County, Pennsylvania","42101031000","1063414","0",,,68652
"ACSSF","pa","140","00",,,,"42","101",,,"031101",,,,,,,,,,,,,,".",".",,,,,,,,,,,,,"1400000US42101031101","Census Tract 311.01",,,"Census Tract 311.01, Philadelphia County, Pennsylvania","42101031101","349649","0",,,51460
"ACSSF","pa","140","00",,,,"42","101",,,"031102",,,,,,,,,,,,,,".",".",,,,,,,,,,,,,"1400000US42101031102","Census Tract 311.02",,,"Census Tract 311.02, Philadelphia County, Pennsylvania","42101031102","398109","0",,,62411
"ACSSF","pa","140","00",,,,"42","101",,,"031200",,,,,,,,,,,,,,".",".",,,,,,,,,,,,,"1400000US42101031200","Census Tract 312",,,"Census Tract 312, Philadelphia County, Pennsylvania","42101031200","383593","0",,,52211
"ACSSF","pa","140","00",,,,"42","101",,,"031300",,,,,,,,,,,,,,".",".",,,,,,,,,,,,,"1400000US42101031300","Census Tract 313",,,"Census Tract 313, Philadelphia County, Pennsylvania","42101031300","688086","0",,,63241
"ACSSF","pa","140","00",,,,"42","101",,,"031401",,,,,,,,,,,,,,".",".",,,,,,,,,,,,,"1400000US42101031401","Census Tract 314.01",,,"Census Tract 314.01, Philadelphia County, Pennsylvania","42101031401","594849","0",,,56818
"ACSSF","pa","140","00",,,,"42","101",,,"031402",,,,,,,,,,,,,,".",".",,,,,,,,,,,,,"1400000US42101031402","Census Tract 314.02",,,"Census Tract 314.02, Philadelphia County, Pennsylvania","42101031402","521131","0",,,61318
"ACSSF","pa","140","00",,,,"42","101",,,"031501",,,,,,,,,,,,,,".",".",,,,,,,,,,,,,"1400000US42101031501","Census Tract 315.01",,,"Census Tract 315.01, Philadelphia County, Pennsylvania","42101031501","587249","0",,,59738
"ACSSF","pa","140","00",,,,"42","101",,,"031502",,,,,,,,,,,,,,".",".",,,,,,,,,,,,,"1400000US42101031502","Census Tract 315.02",,,"Census Tract 315.02, Philadelphia County, Pennsylvania","42101031502","621108","0",,,45282
"ACSSF","pa","140","00",,,,"42","101",,,"031600",,,,,,,,,,,,,,".",".",,,,,,,,,,,,,"1400000US42101031600","Census Tract 316",,,"Census Tract 316, Philadelphia County, Pennsylvania","42101031600","731130","0",,,42176
"ACSSF","pa","140","00",,,,"42","101",,,"031700",,,,,,,,,,,,,,".",".",,,,,,,,,,,,,"1400000US42101031700","Census Tract 317",,,"Census Tract 317, Philadelphia County, Pennsylvania","42101031700","889536","0",,,36880
"ACSSF","pa","140","00",,,,"42","101",,,"031800",,,,,,,,,,,,,,".",".",,,,,,,,,,,,,"1400000US42101031800","Census Tract 318",,,"Census Tract 318, Philadelphia County, Pennsylvania","42101031800","509349","0",,,65556
"ACSSF","pa","140","00",,,,"42","101",,,"031900",,,,,,,,,,,,,,".",".",,,,,,,,,,,,,"1400000US42101031900","Census Tract 319",,,"Census Tract 319, Philadelphia County, Pennsylvania","42101031900","773215","0",,,45846
"ACSSF","pa","140","00",,,,"42","101",,,"032000",,,,,,,,,,,,,,".",".",,,,,,,,,,,,,"1400000US42101032000","Census Tract 320",,,"Census Tract 320, Philadelphia County, Pennsylvania","42101032000","680731","0",,,60957
"ACSSF","pa","140","00",,,,"42","101",,,"032100",,,,,,,,,,,,,,".",".",,,,,,,,,,,,,"1400000US42101032100","Census Tract 321",,,"Census Tract 321, Philadelphia County, Pennsylvania","42101032100","552925","0",,,50409
"ACSSF","pa","140","00",,,,"42","101",,,"032300",,,,,,,,,,,,,,".",".",,,,,,,,,,,,,"1400000US42101032300","Census Tract 323",,,"Census Tract 323, Philadelphia County, Pennsylvania","42101032300","600044","0",,,40300
"ACSSF","pa","140","00",,,,"42","101",,,"032500",,,,,,,,,,,,,,".",".",,,,,,,,,,,,,"1400000US42101032500","Census Tract 325",,,"Census Tract 325, Philadelphia County, Pennsylvania","42101032500","839319","0",,,52342
"ACSSF","pa","140","00",,,,"42","101",,,"032600",,,,,,,,,,,,,,".",".",,,,,,,,,,,,,"1400000US42101032600","Census Tract 326",,,"Census Tract 326, Philadelphia County, Pennsylvania","42101032600","809320","0",,,80283
"ACSSF","pa","140","00",,,,"42","101",,,"032900",,,,,,,,,,,,,,".",".",,,,,,,,,,,,,"1400000US42101032900","Census Tract 329",,,"Census Tract 329, Philadelphia County, Pennsylvania","42101032900","922923","10049",,,57571
"ACSSF","pa","140","00",,,,"42","101",,,"033000",,,,,,,,,,,,,,".",".",,,,,,,,,,,,,"1400000US42101033000","Census Tract 330",,,"Census Tract 330, Philadelphia County, Pennsylvania","42101033000","733440","0",,,65749
"ACSSF","pa","140","00",,,,"42","101",,,"033101",,,,,,,,,,,,,,".",".",,,,,,,,,,,,,"1400000US42101033101","Census Tract 331.01",,,"Census Tract 331.01, Philadelphia County, Pennsylvania","42101033101","486948","0",,,60333
"ACSSF","pa","140","00",,,,"42","101",,,"033102",,,,,,,,,,,,,,".",".",,,,,,,,,,,,,"1400000US42101033102","Census Tract 331.02",,,"Census Tract 331.02, Philadelphia County, Pennsylvania","42101033102","719269","0",,,61373
"ACSSF","pa","140","00",,,,"42","101",,,"033200",,,,,,,,,,,,,,".",".",,,,,,,,,,,,,"1400000US42101033200","Census Tract 332",,,"Census Tract 332, Philadelphia County, Pennsylvania","42101033200","842716","0",,,71691
"ACSSF","pa","140","00",,,,"42","101",,,"033300",,,,,,,,,,,,,,".",".",,,,,,,,,,,,,"1400000US42101033300","Census Tract 333",,,"Census Tract 333, Philadelphia County, Pennsylvania","42101033300","1073385","0",,,55389
"ACSSF","pa","140","00",,,,"42","101",,,"033400",,,,,,,,,,,,,,".",".",,,,,,,,,,,,,"1400000US42101033400","Census Tract 334",,,"Census Tract 334, Philadelphia County, Pennsylvania","42101033400","1136240","0",,,55102
"ACSSF","pa","140","00",,,,"42","101",,,"033500",,,,,,,,,,,,,,".",".",,,,,,,,,,,,,"1400000US42101033500","Census Tract 335",,,"Census Tract 335, Philadelphia County, Pennsylvania","42101033500","943012","0",,,47289
"ACSSF","pa","140","00",,,,"42","101",,,"033600",,,,,,,,,,,,,,".",".",,,,,,,,,,,,,"1400000US42101033600","Census Tract 336",,,"Census Tract 336, Philadelphia County, Pennsylvania","42101033600","1153470","0",,,46191
"ACSSF","pa","140","00",,,,"42","101",,,"033701",,,,,,,,,,,,,,".",".",,,,,,,,,,,,,"1400000US42101033701","Census Tract 337.01",,,"Census Tract 337.01, Philadelphia County, Pennsylvania","42101033701","971971","0",,,48682
"ACSSF","pa","140","00",,,,"42","101",,,"033702",,,,,,,,,,,,,,".",".",,,,,,,,,,,,,"1400000US42101033702","Census Tract 337.02",,,"Census Tract 337.02, Philadelphia County, Pennsylvania","42101033702","1057801","0",,,67557
"ACSSF","pa","140","00",,,,"42","101",,,"033800",,,,,,,,,,,,,,".",".",,,,,,,,,,,,,"1400000US42101033800","Census Tract 338",,,"Census Tract 338, Philadelphia County, Pennsylvania","42101033800","1400214","0",,,67683
"ACSSF","pa","140","00",,,,"42","101",,,"033900",,,,,,,,,,,,,,".",".",,,,,,,,,,,,,"1400000US42101033900","Census Tract 339",,,"Census Tract 339, Philadelphia County, Pennsylvania","42101033900","1140699","0",,,58660
"ACSSF","pa","140","00",,,,"42","101",,,"034000",,,,,,,,,,,,,,".",".",,,,,,,,,,,,,"1400000US42101034000","Census Tract 340",,,"Census Tract 340, Philadelphia County, Pennsylvania","42101034000","763894","729",,,104488
"ACSSF","pa","140","00",,,,"42","101",,,"034100",,,,,,,,,,,,,,".",".",,,,,,,,,,,,,"1400000US42101034100","Census Tract 341",,,"Census Tract 341, Philadelphia County, Pennsylvania","42101034100","1338392","0",,,72275
"ACSSF","pa","140","00",,,,"42","101",,,"034200",,,,,,,,,,,,,,".",".",,,,,,,,,,,,,"1400000US42101034200","Census Tract 342",,,"Census Tract 342, Philadelphia County, Pennsylvania","42101034200","1237805","0",,,66692
"ACSSF","pa","140","00",,,,"42","101",,,"034400",,,,,,,,,,,,,,".",".",,,,,,,,,,,,,"1400000US42101034400","Census Tract 344",,,"Census Tract 344, Philadelphia County, Pennsylvania","42101034400","3419032","13905",,,118397
"ACSSF","pa","140","00",,,,"42","101",,,"034501",,,,,,,,,,,,,,".",".",,,,,,,,,,,,,"1400000US42101034501","Census Tract 345.01",,,"Census Tract 345.01, Philadelphia County, Pennsylvania","42101034501","447469","0",,,47142
"ACSSF","pa","140","00",,,,"42","101",,,"034502",,,,,,,,,,,,,,".",".",,,,,,,,,,,,,"1400000US42101034502","Census Tract 345.02",,,"Census Tract 345.02, Philadelphia County, Pennsylvania","42101034502","1021734","0",,,66557
"ACSSF","pa","140","00",,,,"42","101",,,"034600",,,,,,,,,,,,,,".",".",,,,,,,,,,,,,"1400000US42101034600","Census Tract 346",,,"Census Tract 346, Philadelphia County, Pennsylvania","42101034600","1855725","3687",,,63115
"ACSSF","pa","140","00",,,,"42","101",,,"034701",,,,,,,,,,,,,,".",".",,,,,,,,,,,,,"1400000US42101034701","Census Tract 347.01",,,"Census Tract 347.01, Philadelphia County, Pennsylvania","42101034701","1148286","57",,,77800
"ACSSF","pa","140","00",,,,"42","101",,,"034702",,,,,,,,,,,,,,".",".",,,,,,,,,,,,,"1400000US42101034702","Census Tract 347.02",,,"Census Tract 347.02, Philadelphia County, Pennsylvania","42101034702","1032346","0",,,85298
"ACSSF","pa","140","00",,,,"42","101",,,"034801",,,,,,,,,,,,,,".",".",,,,,,,,,,,,,"1400000US42101034801","Census Tract 348.01",,,"Census Tract 348.01, Philadelphia County, Pennsylvania","42101034801","1385962","5188",,,64608
"ACSSF","pa","140","00",,,,"42","101",,,"034802",,,,,,,,,,,,,,".",".",,,,,,,,,,,,,"1400000US42101034802","Census Tract 348.02",,,"Census Tract 348.02, Philadelphia County, Pennsylvania","42101034802","1232182","8015",,,56032
"ACSSF","pa","140","00",,,,"42","101",,,"034803",,,,,,,,,,,,,,".",".",,,,,,,,,,,,,"1400000US42101034803","Census Tract 348.03",,,"Census Tract 348.03, Philadelphia County, Pennsylvania","42101034803","1271528","8028",,,78224
"ACSSF","pa","140","00",,,,"42","101",,,"034900",,,,,,,,,,,,,,".",".",,,,,,,,,,,,,"1400000US42101034900","Census Tract 349",,,"Census Tract 349, Philadelphia County, Pennsylvania","42101034900","1944025","8263",,,54689
"ACSSF","pa","140","00",,,,"42","101",,,"035100",,,,,,,,,,,,,,".",".",,,,,,,,,,,,,"1400000US42101035100","Census Tract 351",,,"Census Tract 351, Philadelphia County, Pennsylvania","42101035100","997445","666022",,,66523
"ACSSF","pa","140","00",,,,"42","101",,,"035200",,,,,,,,,,,,,,".",".",,,,,,,,,,,,,"1400000US42101035200","Census Tract 352",,,"Census Tract 352, Philadelphia County, Pennsylvania","42101035200","1850925","14613",,,88663
"ACSSF","pa","140","00",,,,"42","101",,,"035301",,,,,,,,,,,,,,".",".",,,,,,,,,,,,,"1400000US42101035301","Census Tract 353.01",,,"Census Tract 353.01, Philadelphia County, Pennsylvania","42101035301","1398722","13466",,,90970
"ACSSF","pa","140","00",,,,"42","101",,,"035302",,,,,,,,,,,,,,".",".",,,,,,,,,,,,,"1400000US42101035302","Census Tract 353.02",,,"Census Tract 353.02, Philadelphia County, Pennsylvania","42101035302","1498641","17290",,,71232
"ACSSF","pa","140","00",,,,"42","101",,,"035500",,,,,,,,,,,,,,".",".",,,,,,,,,,,,,"1400000US42101035500","Census Tract 355",,,"Census Tract 355, Philadelphia County, Pennsylvania","42101035500","2290052","1067",,,69439
"ACSSF","pa","140","00",,,,"42","101",,,"035601",,,,,,,,,,,,,,".",".",,,,,,,,,,,,,"1400000US42101035601","Census Tract 356.01",,,"Census Tract 356.01, Philadelphia County, Pennsylvania","42101035601","2029700","12503",,,61939
"ACSSF","pa","140","00",,,,"42","101",,,"035602",,,,,,,,,,,,,,".",".",,,,,,,,,,,,,"1400000US42101035602","Census Tract 356.02",,,"Census Tract 356.02, Philadelphia County, Pennsylvania","42101035602","1394857","1871",,,106480
"ACSSF","pa","140","00",,,,"42","101",,,"035701",,,,,,,,,,,,,,".",".",,,,,,,,,,,,,"1400000US42101035701","Census Tract 357.01",,,"Census Tract 357.01, Philadelphia County, Pennsylvania","42101035701","598633","718",,,61399
"ACSSF","pa","140","00",,,,"42","101",,,"035702",,,,,,,,,,,,,,".",".",,,,,,,,,,,,,"1400000US42101035702","Census Tract 357.02",,,"Census Tract 357.02, Philadelphia County, Pennsylvania","42101035702","1559150","0",,,64919
"ACSSF","pa","140","00",,,,"42","101",,,"035800",,,,,,,,,,,,,,".",".",,,,,,,,,,,,,"1400000US42101035800","Census Tract 358",,,"Census Tract 358, Philadelphia County, Pennsylvania","42101035800","1757642","2013",,,63375
"ACSSF","pa","140","00",,,,"42","101",,,"035900",,,,,,,,,,,,,,".",".",,,,,,,,,,,,,"1400000US42101035900","Census Tract 359",,,"Census Tract 359, Philadelphia County, Pennsylvania","42101035900","2244712","2511",,,48571
"ACSSF","pa","140","00",,,,"42","101",,,"036000",,,,,,,,,,,,,,".",".",,,,,,,,,,,,,"1400000US42101036000","Census Tract 360",,,"Census Tract 360, Philadelphia County, Pennsylvania","42101036000","2043080","638",,,63170
"ACSSF","pa","140","00",,,,"42","101",,,"036100",,,,,,,,,,,,,,".",".",,,,,,,,,,,,,"1400000US42101036100","Census Tract 361",,,"Census Tract 361, Philadelphia County, Pennsylvania","42101036100","1205996","7044",,,105208
"ACSSF","pa","140","00",,,,"42","101",,,"036201",,,,,,,,,,,,,,".",".",,,,,,,,,,,,,"1400000US42101036201","Census Tract 362.01",,,"Census Tract 362.01, Philadelphia County, Pennsylvania","42101036201","1031927","15195",,,93300
"ACSSF","pa","140","00",,,,"42","101",,,"036202",,,,,,,,,,,,,,".",".",,,,,,,,,,,,,"1400000US42101036202","Census Tract 362.02",,,"Census Tract 362.02, Philadelphia County, Pennsylvania","42101036202","1102852","2329",,,95026
"ACSSF","pa","140","00",,,,"42","101",,,"036203",,,,,,,,,,,,,,".",".",,,,,,,,,,,,,"1400000US42101036203","Census Tract 362.03",,,"Census Tract 362.03, Philadelphia County, Pennsylvania","42101036203","1532105","1401",,,85733
"ACSSF","pa","140","00",,,,"42","101",,,"036301",,,,,,,,,,,,,,".",".",,,,,,,,,,,,,"1400000US42101036301","Census Tract 363.01",,,"Census Tract 363.01, Philadelphia County, Pennsylvania","42101036301","2409454","5442",,,82596
"ACSSF","pa","140","00",,,,"42","101",,,"036302",,,,,,,,,,,,,,".",".",,,,,,,,,,,,,"1400000US42101036302","Census Tract 363.02",,,"Census Tract 363.02, Philadelphia County, Pennsylvania","42101036302","520968","0",,,84528
"ACSSF","pa","140","00",,,,"42","101",,,"036303",,,,,,,,,,,,,,".",".",,,,,,,,,,,,,"1400000US42101036303","Census Tract 363.03",,,"Census Tract 363.03, Philadelphia County, Pennsylvania","42101036303","2556620","4141",,,100857
"ACSSF","pa","140","00",,,,"42","101",,,"036400",,,,,,,,,,,,,,".",".",,,,,,,,,,,,,"1400000US42101036400","Census Tract 364",,,"Census Tract 364, Philadelphia County, Pennsylvania","42101036400","4512446","8107",,,101094
"ACSSF","pa","140","00",,,,"42","101",,,"036501",,,,,,,,,,,,,,".",".",,,,,,,,,,,,,"1400000US42101036501","Census Tract 365.01",,,"Census Tract 365.01, Philadelphia County, Pennsylvania","42101036501","1816210","7169",,,83697
"ACSSF","pa","140","00",,,,"42","101",,,"036502",,,,,,,,,,,,,,".",".",,,,,,,,,,,,,"1400000US42101036502","Census Tract 365.02",,,"Census Tract 365.02, Philadelphia County, Pennsylvania","42101036502","1733146","0",,,85750
"ACSSF","pa","140","00",,,,"42","101",,,"036600",,,,,,,,,,,,,,".",".",,,,,,,,,,,,,"1400000US42101036600","Census Tract 366",,,"Census Tract 366, Philadelphia County, Pennsylvania","42101036600","1150251","1548489",,,168021
"ACSSF","pa","140","00",,,,"42","101",,,"036700",,,,,,,,,,,,,,".",".",,,,,,,,,,,,,"1400000US42101036700","Census Tract 367",,,"Census Tract 367, Philadelphia County, Pennsylvania","42101036700","729908","0",,,156638
"ACSSF","pa","140","00",,,,"42","101",,,"036901",,,,,,,,,,,,,,".",".",,,,,,,,,,,,,"1400000US42101036901","Census Tract 369.01",,,"Census Tract 369.01, Philadelphia County, Pennsylvania","42101036901","973722","113282",,,
"ACSSF","pa","140","00",,,,"42","101",,,"036902",,,,,,,,,,,,,,".",".",,,,,,,,,,,,,"1400000US42101036902","Census Tract 369.02",,,"Census Tract 369.02, Philadelphia County, Pennsylvania","42101036902","883507","49251",,,31635
"ACSSF","pa","140","00",,,,"42","101",,,"037200",,,,,,,,,,,,,,".",".",,,,,,,,,,,,,"1400000US42101037200","Census Tract 372",,,"Census Tract 372, Philadelphia County, Pennsylvania","42101037200","1027185","0",,,75185
"ACSSF","pa","140","00",,,,"42","101",,,"037300",,,,,,,,,,,,,,".",".",,,,,,,,,,,,,"1400000US42101037300","Census Tract 373",,,"Census Tract 373, Philadelphia County, Pennsylvania","42101037300","2597399","135359",,,113636
"ACSSF","pa","140","00",,,,"42","101",,,"037500",,,,,,,,,,,,,,".",".",,,,,,,,,,,,,"1400000US42101037500","Census Tract 375",,,"Census Tract 375, Philadelphia County, Pennsylvania","42101037500","1033282","1496",,,78387
"ACSSF","pa","140","00",,,,"42","101",,,"037600",,,,,,,,,,,,,,".",".",,,,,,,,,,,,,"1400000US42101037600","Census Tract 376",,,"Census Tract 376, Philadelphia County, Pennsylvania","42101037600","694156","0",,,101742
"ACSSF","pa","140","00",,,,"42","101",,,"037700",,,,,,,,,,,,,,".",".",,,,,,,,,,,,,"1400000US42101037700","Census Tract 377",,,"Census Tract 377, Philadelphia County, Pennsylvania","42101037700","736880","0",,,22621
"ACSSF","pa","140","00",,,,"42","101",,,"037800",,,,,,,,,,,,,,".",".",,,,,,,,,,,,,"1400000US42101037800","Census Tract 378",,,"Census Tract 378, Philadelphia County, Pennsylvania","42101037800","3764027","1907955",,,63772
"ACSSF","pa","140","00",,,,"42","101",,,"037900",,,,,,,,,,,,,,".",".",,,,,,,,,,,,,"1400000US42101037900","Census Tract 379",,,"Census Tract 379, Philadelphia County, Pennsylvania","42101037900","1400253","11282",,,81528
"ACSSF","pa","140","00",,,,"42","101",,,"038000",,,,,,,,,,,,,,".",".",,,,,,,,,,,,,"1400000US42101038000","Census Tract 380",,,"Census Tract 380, Philadelphia County, Pennsylvania","42101038000","874362","7008",,,57386
"ACSSF","pa","140","00",,,,"42","101",,,"038100",,,,,,,,,,,,,,".",".",,,,,,,,,,,,,"1400000US42101038100","Census Tract 381",,,"Census Tract 381, Philadelphia County, Pennsylvania","42101038100","3322102","1644074",,,39939
"ACSSF","pa","140","00",,,,"42","101",,,"038200",,,,,,,,,,,,,,".",".",,,,,,,,,,,,,"1400000US42101038200","Census Tract 382",,,"Census Tract 382, Philadelphia County, Pennsylvania","42101038200","1828675","13220",,,44164
"ACSSF","pa","140","00",,,,"42","101",,,"038301",,,,,,,,,,,,,,".",".",,,,,,,,,,,,,"1400000US42101038301","Census Tract 383.01",,,"Census Tract 383.01, Philadelphia County, Pennsylvania","42101038301","753750","0",,,32337
"ACSSF","pa","140","00",,,,"42","101",,,"038400",,,,,,,,,,,,,,".",".",,,,,,,,,,,,,"1400000US42101038400","Census Tract 384",,,"Census Tract 384, Philadelphia County, Pennsylvania","42101038400","2590560","0",,,116250
"ACSSF","pa","140","00",,,,"42","101",,,"038500",,,,,,,,,,,,,,".",".",,,,,,,,,,,,,"1400000US42101038500","Census Tract 385",,,"Census Tract 385, Philadelphia County, Pennsylvania","42101038500","1344519","2576",,,124324
"ACSSF","pa","140","00",,,,"42","101",,,"038600",,,,,,,,,,,,,,".",".",,,,,,,,,,,,,"1400000US42101038600","Census Tract 386",,,"Census Tract 386, Philadelphia County, Pennsylvania","42101038600","3310650","32074",,,180000
"ACSSF","pa","140","00",,,,"42","101",,,"038700",,,,,,,,,,,,,,".",".",,,,,,,,,,,,,"1400000US42101038700","Census Tract 387",,,"Census Tract 387, Philadelphia County, Pennsylvania","42101038700","2051448","22042",,,124792
"ACSSF","pa","140","00",,,,"42","101",,,"038800",,,,,,,,,,,,,,".",".",,,,,,,,,,,,,"1400000US42101038800","Census Tract 388",,,"Census Tract 388, Philadelphia County, Pennsylvania","42101038800","1390293","4751",,,113343
"ACSSF","pa","140","00",,,,"42","101",,,"038900",,,,,,,,,,,,,,".",".",,,,,,,,,,,,,"1400000US42101038900","Census Tract 389",,,"Census Tract 389, Philadelphia County, Pennsylvania","42101038900","1280554","0",,,66705
"ACSSF","pa","140","00",,,,"42","101",,,"039001",,,,,,,,,,,,,,".",".",,,,,,,,,,,,,"1400000US42101039001","Census Tract 390.01",,,"Census Tract 390.01, Philadelphia County, Pennsylvania","42101039001","943337","0",,,41296
"ACSSF","pa","140","00",,,,"42","101",,,"039002",,,,,,,,,,,,,,".",".",,,,,,,,,,,,,"1400000US42101039002","Census Tract 390.02",,,"Census Tract 390.02, Philadelphia County, Pennsylvania","42101039002","1087570","0",,,64733
"ACSSF","pa","140","00",,,,"42","101",,,"039100",,,,,,,,,,,,,,".",".",,,,,,,,,,,,,"1400000US42101039100","Census Tract 391",,,"Census Tract 391, Philadelphia County, Pennsylvania","42101039100","1119799","133239",,,24963
"ACSSF","pa","140","00",,,,"42","101",,,"980001",,,,,,,,,,,,,,".",".",,,,,,,,,,,,,"1400000US42101980001","Census Tract 9800.01",,,"Census Tract 9800.01, Philadelphia County, Pennsylvania","42101980001","2526129","693368",,,
"ACSSF","pa","140","00",,,,"42","101",,,"980002",,,,,,,,,,,,,,".",".",,,,,,,,,,,,,"1400000US42101980002","Census Tract 9800.02",,,"Census Tract 9800.02, Philadelphia County, Pennsylvania","42101980002","5919457","564570",,,
"ACSSF","pa","140","00",,,,"42","101",,,"980003",,,,,,,,,,,,,,".",".",,,,,,,,,,,,,"1400000US42101980003","Census Tract 9800.03",,,"Census Tract 9800.03, Philadelphia County, Pennsylvania","42101980003","454315","62922",,,
"ACSSF","pa","140","00",,,,"42","101",,,"980100",,,,,,,,,,,,,,".",".",,,,,,,,,,,,,"1400000US42101980100","Census Tract 9801",,,"Census Tract 9801, Philadelphia County, Pennsylvania","42101980100","5340607","241115",,,108889
"ACSSF","pa","140","00",,,,"42","101",,,"980200",,,,,,,,,,,,,,".",".",,,,,,,,,,,,,"1400000US42101980200","Census Tract 9802",,,"Census Tract 9802, Philadelphia County, Pennsylvania","42101980200","4916641","250846",,,
"ACSSF","pa","140","00",,,,"42","101",,,"980300",,,,,,,,,,,,,,".",".",,,,,,,,,,,,,"1400000US42101980300","Census Tract 9803",,,"Census Tract 9803, Philadelphia County, Pennsylvania","42101980300","7596033","22736",,,
"ACSSF","pa","140","00",,,,"42","101",,,"980400",,,,,,,,,,,,,,".",".",,,,,,,,,,,,,"1400000US42101980400","Census Tract 9804",,,"Census Tract 9804, Philadelphia County, Pennsylvania","42101980400","2954730","11766",,,
"ACSSF","pa","140","00",,,,"42","101",,,"980500",,,,,,,,,,,,,,".",".",,,,,,,,,,,,,"1400000US42101980500","Census Tract 9805",,,"Census Tract 9805, Philadelphia County, Pennsylvania","42101980500","416088","0",,,
"ACSSF","pa","140","00",,,,"42","101",,,"980600",,,,,,,,,,,,,,".",".",,,,,,,,,,,,,"1400000US42101980600","Census Tract 9806",,,"Census Tract 9806, Philadelphia County, Pennsylvania","42101980600","1286762","0",,,
"ACSSF","pa","140","00",,,,"42","101",,,"980701",,,,,,,,,,,,,,".",".",,,,,,,,,,,,,"1400000US42101980701","Census Tract 9807.01",,,"Census Tract 9807.01, Philadelphia County, Pennsylvania","42101980701","3552223","561283",,,
"ACSSF","pa","140","00",,,,"42","101",,,"980702",,,,,,,,,,,,,,".",".",,,,,,,,,,,,,"1400000US42101980702","Census Tract 9807.02",,,"Census Tract 9807.02, Philadelphia County, Pennsylvania","42101980702","2245124","1018705",,,
"ACSSF","pa","140","00",,,,"42","101",,,"980800",,,,,,,,,,,,,,".",".",,,,,,,,,,,,,"1400000US42101980800","Census Tract 9808",,,"Census Tract 9808, Philadelphia County, Pennsylvania","42101980800","2103934","43822",,,
"ACSSF","pa","140","00",,,,"42","101",,,"980901",,,,,,,,,,,,,,".",".",,,,,,,,,,,,,"1400000US42101980901","Census Tract 9809.01",,,"Census Tract 9809.01, Philadelphia County, Pennsylvania","42101980901","11195484","2536678",,,
"ACSSF","pa","140","00",,,,"42","101",,,"980902",,,,,,,,,,,,,,".",".",,,,,,,,,,,,,"1400000US42101980902","Census Tract 9809.02",,,"Census Tract 9809.02, Philadelphia County, Pennsylvania","42101980902","132548","50536",,,
"ACSSF","pa","140","00",,,,"42","101",,,"980903",,,,,,,,,,,,,,".",".",,,,,,,,,,,,,"1400000US42101980903","Census Tract 9809.03",,,"Census Tract 9809.03, Philadelphia County, Pennsylvania","42101980903","171154","0",,,
"ACSSF","pa","140","00",,,,"42","101",,,"980904",,,,,,,,,,,,,,".",".",,,,,,,,,,,,,"1400000US42101980904","Census Tract 9809.04",,,"Census Tract 9809.04, Philadelphia County, Pennsylvania","42101980904","1570844","158459",,,
"ACSSF","pa","140","00",,,,"42","101",,,"980905",,,,,,,,,,,,,,".",".",,,,,,,,,,,,,"1400000US42101980905","Census Tract 9809.05",,,"Census Tract 9809.05, Philadelphia County, Pennsylvania","42101980905","884500","195611",,,
"ACSSF","pa","140","00",,,,"42","101",,,"980906",,,,,,,,,,,,,,".",".",,,,,,,,,,,,,"1400000US42101980906","Census Tract 9809.06",,,"Census Tract 9809.06, Philadelphia County, Pennsylvania","42101980906","2945390","383112",,,
"ACSSF","pa","140","00",,,,"42","101",,,"989100",,,,,,,,,,,,,,".",".",,,,,,,,,,,,,"1400000US42101989100","Census Tract 9891",,,"Census Tract 9891, Philadelphia County, Pennsylvania","42101989100","2785522","1532456",,,
"ACSSF","pa","140","00",,,,"42","101",,,"989200",,,,,,,,,,,,,,".",".",,,,,,,,,,,,,"1400000US42101989200","Census Tract 9892",,,"Census Tract 9892, Philadelphia County, Pennsylvania","42101989200","4591616","3334810",,,
"ACSSF","pa","140","00",,,,"42","101",,,"989300",,,,,,,,,,,,,,".",".",,,,,,,,,,,,,"1400000US42101989300","Census Tract 9893",,,"Census Tract 9893, Philadelphia County, Pennsylvania","42101989300","2258398","0",,,
